mode: atomic
github.com/bradtumy/credential-service/internal/config/config.go:23.20,34.2 1 0
github.com/bradtumy/credential-service/internal/config/config.go:36.42,37.34 1 32
github.com/bradtumy/credential-service/internal/config/config.go:37.34,39.3 1 14
github.com/bradtumy/credential-service/internal/config/config.go:40.2,40.17 1 18
github.com/bradtumy/credential-service/internal/config/config.go:54.45,63.2 1 2
github.com/bradtumy/credential-service/internal/config/config.go:85.49,103.2 1 2
github.com/bradtumy/credential-service/internal/config/config.go:105.46,106.34 1 6
github.com/bradtumy/credential-service/internal/config/config.go:106.34,108.17 2 1
github.com/bradtumy/credential-service/internal/config/config.go:108.17,110.4 1 1
github.com/bradtumy/credential-service/internal/config/config.go:112.2,112.17 1 5
github.com/bradtumy/credential-service/internal/cache/cache.go:15.64,15.90 1 1
github.com/bradtumy/credential-service/internal/cache/cache.go:18.81,18.95 1 1
github.com/bradtumy/credential-service/internal/cache/redis_cache.go:20.66,22.16 2 0
github.com/bradtumy/credential-service/internal/cache/redis_cache.go:22.16,24.3 1 0
github.com/bradtumy/credential-service/internal/cache/redis_cache.go:26.2,27.49 2 0
github.com/bradtumy/credential-service/internal/cache/redis_cache.go:27.49,29.17 2 0
github.com/bradtumy/credential-service/internal/cache/redis_cache.go:29.17,31.4 1 0
github.com/bradtumy/credential-service/internal/cache/redis_cache.go:32.3,32.14 1 0
github.com/bradtumy/credential-service/internal/cache/redis_cache.go:35.2,41.64 2 0
github.com/bradtumy/credential-service/internal/cache/redis_cache.go:41.64,43.3 1 0
github.com/bradtumy/credential-service/internal/cache/redis_cache.go:45.2,45.49 1 0
github.com/bradtumy/credential-service/internal/cache/redis_cache.go:49.68,50.33 1 0
github.com/bradtumy/credential-service/internal/cache/redis_cache.go:50.33,52.3 1 0
github.com/bradtumy/credential-service/internal/cache/redis_cache.go:53.2,54.31 2 0
github.com/bradtumy/credential-service/internal/cache/redis_cache.go:54.31,56.3 1 0
github.com/bradtumy/credential-service/internal/cache/redis_cache.go:57.2,57.16 1 0
github.com/bradtumy/credential-service/internal/cache/redis_cache.go:57.16,59.3 1 0
github.com/bradtumy/credential-service/internal/cache/redis_cache.go:60.2,60.23 1 0
github.com/bradtumy/credential-service/internal/cache/redis_cache.go:64.85,65.33 1 0
github.com/bradtumy/credential-service/internal/cache/redis_cache.go:65.33,67.3 1 0
github.com/bradtumy/credential-service/internal/cache/redis_cache.go:68.2,68.66 1 0
github.com/bradtumy/credential-service/internal/issuer/router.go:12.40,20.2 5 0
github.com/bradtumy/credential-service/internal/issuer/service.go:30.61,32.2 1 0
github.com/bradtumy/credential-service/internal/issuer/service.go:34.111,36.2 1 0
github.com/bradtumy/credential-service/internal/issuer/service.go:57.88,58.24 1 0
github.com/bradtumy/credential-service/internal/issuer/service.go:58.24,60.17 2 0
github.com/bradtumy/credential-service/internal/issuer/service.go:60.17,62.4 1 0
github.com/bradtumy/credential-service/internal/issuer/service.go:65.2,76.3 1 0
github.com/bradtumy/credential-service/internal/issuer/service.go:80.75,81.33 1 0
github.com/bradtumy/credential-service/internal/issuer/service.go:81.33,84.3 2 0
github.com/bradtumy/credential-service/internal/issuer/service.go:86.2,87.61 2 0
github.com/bradtumy/credential-service/internal/issuer/service.go:87.61,91.3 3 0
github.com/bradtumy/credential-service/internal/issuer/service.go:93.2,93.28 1 0
github.com/bradtumy/credential-service/internal/issuer/service.go:93.28,96.3 2 0
github.com/bradtumy/credential-service/internal/issuer/service.go:98.2,98.51 1 0
github.com/bradtumy/credential-service/internal/issuer/service.go:98.51,102.3 3 0
github.com/bradtumy/credential-service/internal/issuer/service.go:104.2,106.16 3 0
github.com/bradtumy/credential-service/internal/issuer/service.go:106.16,110.3 3 0
github.com/bradtumy/credential-service/internal/issuer/service.go:111.2,113.38 2 0
github.com/bradtumy/credential-service/internal/issuer/service.go:113.38,117.3 3 0
github.com/bradtumy/credential-service/internal/issuer/service.go:119.2,120.16 2 0
github.com/bradtumy/credential-service/internal/issuer/service.go:120.16,124.3 3 0
github.com/bradtumy/credential-service/internal/issuer/service.go:126.2,127.16 2 0
github.com/bradtumy/credential-service/internal/issuer/service.go:127.16,131.3 3 0
github.com/bradtumy/credential-service/internal/issuer/service.go:133.2,138.39 4 0
github.com/bradtumy/credential-service/internal/issuer/service.go:138.39,141.17 3 0
github.com/bradtumy/credential-service/internal/issuer/service.go:141.17,145.4 3 0
github.com/bradtumy/credential-service/internal/issuer/service.go:147.3,148.17 2 0
github.com/bradtumy/credential-service/internal/issuer/service.go:148.17,152.4 3 0
github.com/bradtumy/credential-service/internal/issuer/service.go:155.3,157.17 3 0
github.com/bradtumy/credential-service/internal/issuer/service.go:157.17,161.4 3 0
github.com/bradtumy/credential-service/internal/issuer/service.go:163.3,166.17 3 0
github.com/bradtumy/credential-service/internal/issuer/service.go:166.17,170.4 3 0
github.com/bradtumy/credential-service/internal/issuer/service.go:172.3,172.18 1 0
github.com/bradtumy/credential-service/internal/issuer/service.go:172.18,173.105 1 0
github.com/bradtumy/credential-service/internal/issuer/service.go:173.105,177.5 3 0
github.com/bradtumy/credential-service/internal/issuer/service.go:180.3,180.48 1 0
github.com/bradtumy/credential-service/internal/issuer/service.go:183.2,184.63 2 0
github.com/bradtumy/credential-service/internal/issuer/service.go:184.63,188.3 3 0
github.com/bradtumy/credential-service/internal/issuer/service.go:191.175,192.17 1 0
github.com/bradtumy/credential-service/internal/issuer/service.go:192.17,194.3 1 0
github.com/bradtumy/credential-service/internal/issuer/service.go:195.2,205.12 2 0
github.com/bradtumy/credential-service/internal/issuer/service.go:208.76,210.19 2 0
github.com/bradtumy/credential-service/internal/issuer/service.go:210.19,212.17 2 0
github.com/bradtumy/credential-service/internal/issuer/service.go:212.17,214.4 1 0
github.com/bradtumy/credential-service/internal/issuer/service.go:215.3,215.13 1 0
github.com/bradtumy/credential-service/internal/issuer/service.go:218.2,220.16 3 0
github.com/bradtumy/credential-service/internal/issuer/service.go:220.16,222.3 1 0
github.com/bradtumy/credential-service/internal/issuer/service.go:223.2,223.19 1 0
github.com/bradtumy/credential-service/internal/issuer/service.go:223.19,225.3 1 0
github.com/bradtumy/credential-service/internal/issuer/service.go:227.2,228.9 2 0
github.com/bradtumy/credential-service/internal/issuer/service.go:228.9,230.3 1 0
github.com/bradtumy/credential-service/internal/issuer/service.go:232.2,233.9 2 0
github.com/bradtumy/credential-service/internal/issuer/service.go:233.9,235.3 1 0
github.com/bradtumy/credential-service/internal/issuer/service.go:237.2,237.30 1 0
github.com/bradtumy/credential-service/internal/issuer/service.go:240.75,242.16 2 0
github.com/bradtumy/credential-service/internal/issuer/service.go:242.16,244.3 1 0
github.com/bradtumy/credential-service/internal/issuer/service.go:245.2,249.16 4 0
github.com/bradtumy/credential-service/internal/issuer/service.go:249.16,251.3 1 0
github.com/bradtumy/credential-service/internal/issuer/service.go:253.2,259.3 1 0
github.com/bradtumy/credential-service/internal/issuer/service.go:262.87,265.16 3 0
github.com/bradtumy/credential-service/internal/issuer/service.go:265.16,267.3 1 0
github.com/bradtumy/credential-service/internal/issuer/service.go:269.2,270.16 2 0
github.com/bradtumy/credential-service/internal/issuer/service.go:270.16,273.3 2 0
github.com/bradtumy/credential-service/internal/issuer/service.go:275.2,283.16 2 0
github.com/bradtumy/credential-service/internal/issuer/service.go:283.16,287.3 3 0
github.com/bradtumy/credential-service/internal/issuer/service.go:289.2,289.29 1 0
github.com/bradtumy/credential-service/internal/issuer/service.go:293.70,295.16 2 0
github.com/bradtumy/credential-service/internal/issuer/service.go:295.16,298.3 2 0
github.com/bradtumy/credential-service/internal/issuer/service.go:300.2,304.16 4 0
github.com/bradtumy/credential-service/internal/issuer/service.go:304.16,307.3 2 0
github.com/bradtumy/credential-service/internal/issuer/service.go:309.2,309.6 1 0
github.com/bradtumy/credential-service/internal/issuer/service.go:309.6,310.10 1 0
github.com/bradtumy/credential-service/internal/issuer/service.go:311.21,312.10 1 0
github.com/bradtumy/credential-service/internal/issuer/service.go:313.22,315.57 2 0
github.com/bradtumy/credential-service/internal/issuer/service.go:315.57,317.13 2 0
github.com/bradtumy/credential-service/internal/issuer/service.go:320.4,320.41 1 0
github.com/bradtumy/credential-service/internal/issuer/service.go:320.41,321.84 1 0
github.com/bradtumy/credential-service/internal/issuer/service.go:321.84,323.6 1 0
github.com/bradtumy/credential-service/internal/issuer/service.go:329.122,334.2 3 0
github.com/bradtumy/credential-service/internal/issuer/service.go:336.48,338.49 2 0
github.com/bradtumy/credential-service/internal/issuer/service.go:338.49,340.3 1 0
github.com/bradtumy/credential-service/internal/issuer/service.go:342.2,343.16 2 0
github.com/bradtumy/credential-service/internal/issuer/service.go:343.16,345.3 1 0
github.com/bradtumy/credential-service/internal/issuer/service.go:347.2,347.20 1 0
github.com/bradtumy/credential-service/internal/tenant/resolver.go:21.69,22.20 1 0
github.com/bradtumy/credential-service/internal/tenant/resolver.go:22.20,24.3 1 0
github.com/bradtumy/credential-service/internal/tenant/resolver.go:26.2,27.20 2 0
github.com/bradtumy/credential-service/internal/tenant/resolver.go:27.20,28.27 1 0
github.com/bradtumy/credential-service/internal/tenant/resolver.go:28.27,30.4 1 0
github.com/bradtumy/credential-service/internal/tenant/resolver.go:30.9,32.4 1 0
github.com/bradtumy/credential-service/internal/tenant/resolver.go:35.2,36.16 2 0
github.com/bradtumy/credential-service/internal/tenant/resolver.go:36.16,38.3 1 0
github.com/bradtumy/credential-service/internal/tenant/resolver.go:39.2,39.21 1 0
github.com/bradtumy/credential-service/internal/tenant/resolver.go:39.21,41.3 1 0
github.com/bradtumy/credential-service/internal/tenant/resolver.go:43.2,43.20 1 0
github.com/bradtumy/credential-service/internal/tenant/store.go:36.36,38.2 1 0
github.com/bradtumy/credential-service/internal/tenant/store.go:41.86,43.9 2 0
github.com/bradtumy/credential-service/internal/tenant/store.go:43.9,45.3 1 0
github.com/bradtumy/credential-service/internal/tenant/store.go:46.2,46.20 1 0
github.com/bradtumy/credential-service/internal/tenant/store.go:50.78,51.16 1 0
github.com/bradtumy/credential-service/internal/tenant/store.go:51.16,53.3 1 0
github.com/bradtumy/credential-service/internal/tenant/store.go:54.2,54.26 1 0
github.com/bradtumy/credential-service/internal/tenant/store.go:54.26,56.3 1 0
github.com/bradtumy/credential-service/internal/tenant/store.go:57.2,59.12 3 0
github.com/bradtumy/credential-service/internal/tenant/store.go:63.79,65.30 2 0
github.com/bradtumy/credential-service/internal/tenant/store.go:65.30,67.3 1 0
github.com/bradtumy/credential-service/internal/tenant/store.go:68.2,68.17 1 0
github.com/bradtumy/credential-service/internal/tenant/store.go:77.50,79.2 1 0
github.com/bradtumy/credential-service/internal/tenant/store.go:82.90,85.122 3 0
github.com/bradtumy/credential-service/internal/tenant/store.go:85.122,86.36 1 0
github.com/bradtumy/credential-service/internal/tenant/store.go:86.36,88.4 1 0
github.com/bradtumy/credential-service/internal/tenant/store.go:89.3,89.30 1 0
github.com/bradtumy/credential-service/internal/tenant/store.go:91.2,91.15 1 0
github.com/bradtumy/credential-service/internal/tenant/store.go:95.82,96.16 1 0
github.com/bradtumy/credential-service/internal/tenant/store.go:96.16,98.3 1 0
github.com/bradtumy/credential-service/internal/tenant/store.go:99.2,99.26 1 0
github.com/bradtumy/credential-service/internal/tenant/store.go:99.26,101.3 1 0
github.com/bradtumy/credential-service/internal/tenant/store.go:102.2,107.12 4 0
github.com/bradtumy/credential-service/internal/tenant/store.go:111.83,114.16 3 0
github.com/bradtumy/credential-service/internal/tenant/store.go:114.16,116.3 1 0
github.com/bradtumy/credential-service/internal/tenant/store.go:117.2,120.18 3 0
github.com/bradtumy/credential-service/internal/tenant/store.go:120.18,122.91 2 0
github.com/bradtumy/credential-service/internal/tenant/store.go:122.91,124.4 1 0
github.com/bradtumy/credential-service/internal/tenant/store.go:125.3,125.31 1 0
github.com/bradtumy/credential-service/internal/tenant/store.go:127.2,127.28 1 0
github.com/bradtumy/credential-service/internal/crypto/did_keygen.go:27.60,28.19 1 0
github.com/bradtumy/credential-service/internal/crypto/did_keygen.go:29.15,30.30 1 0
github.com/bradtumy/credential-service/internal/crypto/did_keygen.go:31.15,32.28 1 0
github.com/bradtumy/credential-service/internal/crypto/did_keygen.go:33.10,34.91 1 0
github.com/bradtumy/credential-service/internal/crypto/did_keygen.go:39.48,41.16 2 0
github.com/bradtumy/credential-service/internal/crypto/did_keygen.go:41.16,43.3 1 0
github.com/bradtumy/credential-service/internal/crypto/did_keygen.go:46.2,53.16 3 0
github.com/bradtumy/credential-service/internal/crypto/did_keygen.go:53.16,55.3 1 0
github.com/bradtumy/credential-service/internal/crypto/did_keygen.go:58.2,62.16 3 0
github.com/bradtumy/credential-service/internal/crypto/did_keygen.go:62.16,64.3 1 0
github.com/bradtumy/credential-service/internal/crypto/did_keygen.go:66.2,77.8 2 0
github.com/bradtumy/credential-service/internal/crypto/did_keygen.go:81.46,83.16 2 0
github.com/bradtumy/credential-service/internal/crypto/did_keygen.go:83.16,85.3 1 0
github.com/bradtumy/credential-service/internal/crypto/did_keygen.go:88.2,96.16 3 0
github.com/bradtumy/credential-service/internal/crypto/did_keygen.go:96.16,98.3 1 0
github.com/bradtumy/credential-service/internal/crypto/did_keygen.go:101.2,105.16 3 0
github.com/bradtumy/credential-service/internal/crypto/did_keygen.go:105.16,107.3 1 0
github.com/bradtumy/credential-service/internal/crypto/did_keygen.go:109.2,120.8 2 0
github.com/bradtumy/credential-service/internal/crypto/jwk.go:31.38,33.47 2 0
github.com/bradtumy/credential-service/internal/crypto/jwk.go:33.47,35.3 1 0
github.com/bradtumy/credential-service/internal/crypto/jwk.go:36.2,37.16 2 0
github.com/bradtumy/credential-service/internal/crypto/jwk.go:37.16,39.3 1 0
github.com/bradtumy/credential-service/internal/crypto/jwk.go:42.2,43.16 2 0
github.com/bradtumy/credential-service/internal/crypto/jwk.go:43.16,45.3 1 0
github.com/bradtumy/credential-service/internal/crypto/jwk.go:46.2,46.24 1 0
github.com/bradtumy/credential-service/internal/crypto/jwk.go:51.55,53.54 2 0
github.com/bradtumy/credential-service/internal/crypto/jwk.go:53.54,55.3 1 0
github.com/bradtumy/credential-service/internal/crypto/jwk.go:57.2,58.9 2 0
github.com/bradtumy/credential-service/internal/crypto/jwk.go:58.9,60.3 1 0
github.com/bradtumy/credential-service/internal/crypto/jwk.go:63.2,65.13 2 0
github.com/bradtumy/credential-service/internal/crypto/jwk.go:66.13,69.10 2 0
github.com/bradtumy/credential-service/internal/crypto/jwk.go:69.10,71.4 1 0
github.com/bradtumy/credential-service/internal/crypto/jwk.go:72.3,73.10 2 0
github.com/bradtumy/credential-service/internal/crypto/jwk.go:73.10,75.4 1 0
github.com/bradtumy/credential-service/internal/crypto/jwk.go:76.3,80.4 1 0
github.com/bradtumy/credential-service/internal/crypto/jwk.go:81.12,84.10 2 0
github.com/bradtumy/credential-service/internal/crypto/jwk.go:84.10,86.4 1 0
github.com/bradtumy/credential-service/internal/crypto/jwk.go:87.3,88.10 2 0
github.com/bradtumy/credential-service/internal/crypto/jwk.go:88.10,90.4 1 0
github.com/bradtumy/credential-service/internal/crypto/jwk.go:91.3,92.10 2 0
github.com/bradtumy/credential-service/internal/crypto/jwk.go:92.10,94.4 1 0
github.com/bradtumy/credential-service/internal/crypto/jwk.go:95.3,100.4 1 0
github.com/bradtumy/credential-service/internal/crypto/jwk.go:101.13,104.10 2 0
github.com/bradtumy/credential-service/internal/crypto/jwk.go:104.10,106.4 1 0
github.com/bradtumy/credential-service/internal/crypto/jwk.go:107.3,108.10 2 0
github.com/bradtumy/credential-service/internal/crypto/jwk.go:108.10,110.4 1 0
github.com/bradtumy/credential-service/internal/crypto/jwk.go:111.3,115.4 1 0
github.com/bradtumy/credential-service/internal/crypto/jwk.go:116.10,117.52 1 0
github.com/bradtumy/credential-service/internal/crypto/jwk.go:121.2,122.16 2 0
github.com/bradtumy/credential-service/internal/crypto/jwk.go:122.16,124.3 1 0
github.com/bradtumy/credential-service/internal/crypto/jwk.go:127.2,130.59 2 0
github.com/bradtumy/credential-service/internal/crypto/jwk.go:134.67,136.54 2 0
github.com/bradtumy/credential-service/internal/crypto/jwk.go:136.54,138.3 1 0
github.com/bradtumy/credential-service/internal/crypto/jwk.go:140.2,141.13 2 0
github.com/bradtumy/credential-service/internal/crypto/jwk.go:142.13,144.23 2 0
github.com/bradtumy/credential-service/internal/crypto/jwk.go:144.23,146.4 1 0
github.com/bradtumy/credential-service/internal/crypto/jwk.go:147.3,148.17 2 0
github.com/bradtumy/credential-service/internal/crypto/jwk.go:148.17,150.4 1 0
github.com/bradtumy/credential-service/internal/crypto/jwk.go:151.3,151.44 1 0
github.com/bradtumy/credential-service/internal/crypto/jwk.go:152.12,154.21 2 0
github.com/bradtumy/credential-service/internal/crypto/jwk.go:154.21,156.4 1 0
github.com/bradtumy/credential-service/internal/crypto/jwk.go:157.3,158.17 2 0
github.com/bradtumy/credential-service/internal/crypto/jwk.go:158.17,160.4 1 0
github.com/bradtumy/credential-service/internal/crypto/jwk.go:161.3,162.17 2 0
github.com/bradtumy/credential-service/internal/crypto/jwk.go:162.17,164.4 1 0
github.com/bradtumy/credential-service/internal/crypto/jwk.go:165.3,168.29 4 0
github.com/bradtumy/credential-service/internal/crypto/jwk.go:168.29,170.4 1 0
github.com/bradtumy/credential-service/internal/crypto/jwk.go:171.3,171.66 1 0
github.com/bradtumy/credential-service/internal/crypto/jwk.go:172.13,173.59 1 0
github.com/bradtumy/credential-service/internal/crypto/jwk.go:174.10,175.56 1 0
github.com/bradtumy/credential-service/internal/crypto/jwk.go:180.54,182.16 2 0
github.com/bradtumy/credential-service/internal/crypto/jwk.go:182.16,184.3 1 0
github.com/bradtumy/credential-service/internal/crypto/jwk.go:185.2,186.16 2 0
github.com/bradtumy/credential-service/internal/crypto/jwk.go:186.16,188.3 1 0
github.com/bradtumy/credential-service/internal/crypto/jwk.go:189.2,190.16 2 0
github.com/bradtumy/credential-service/internal/crypto/jwk.go:190.16,192.3 1 0
github.com/bradtumy/credential-service/internal/crypto/jwk.go:194.2,203.31 3 0
github.com/bradtumy/credential-service/internal/crypto/jwk.go:203.31,207.3 3 0
github.com/bradtumy/credential-service/internal/crypto/jwk.go:209.2,209.18 1 0
github.com/bradtumy/credential-service/internal/crypto/jwk.go:213.66,214.25 1 0
github.com/bradtumy/credential-service/internal/crypto/jwk.go:215.25,216.22 1 0
github.com/bradtumy/credential-service/internal/crypto/jwk.go:217.24,218.33 1 0
github.com/bradtumy/credential-service/internal/crypto/jwk.go:218.33,220.4 1 0
github.com/bradtumy/credential-service/internal/crypto/jwk.go:221.3,221.22 1 0
github.com/bradtumy/credential-service/internal/crypto/jwk.go:222.22,223.24 1 0
github.com/bradtumy/credential-service/internal/crypto/jwk.go:223.24,225.4 1 0
github.com/bradtumy/credential-service/internal/crypto/jwk.go:226.3,226.22 1 0
github.com/bradtumy/credential-service/internal/crypto/jwk.go:227.10,228.56 1 0
github.com/bradtumy/credential-service/internal/crypto/kms_signer.go:43.65,45.2 1 0
github.com/bradtumy/credential-service/internal/crypto/kms_signer.go:48.67,50.14 2 0
github.com/bradtumy/credential-service/internal/crypto/kms_signer.go:50.14,52.3 1 0
github.com/bradtumy/credential-service/internal/crypto/kms_signer.go:53.2,54.17 2 0
github.com/bradtumy/credential-service/internal/crypto/kms_signer.go:54.17,56.3 1 0
github.com/bradtumy/credential-service/internal/crypto/kms_signer.go:57.2,58.16 2 0
github.com/bradtumy/credential-service/internal/crypto/kms_signer.go:58.16,60.3 1 0
github.com/bradtumy/credential-service/internal/crypto/kms_signer.go:62.2,62.41 1 0
github.com/bradtumy/credential-service/internal/crypto/kms_signer.go:66.83,68.16 2 0
github.com/bradtumy/credential-service/internal/crypto/kms_signer.go:68.16,70.3 1 0
github.com/bradtumy/credential-service/internal/crypto/kms_signer.go:71.2,71.41 1 0
github.com/bradtumy/credential-service/internal/crypto/kms_signer.go:74.92,75.19 1 0
github.com/bradtumy/credential-service/internal/crypto/kms_signer.go:75.19,77.3 1 0
github.com/bradtumy/credential-service/internal/crypto/kms_signer.go:78.2,78.17 1 0
github.com/bradtumy/credential-service/internal/crypto/kms_signer.go:78.17,80.3 1 0
github.com/bradtumy/credential-service/internal/crypto/kms_signer.go:82.2,83.16 2 0
github.com/bradtumy/credential-service/internal/crypto/kms_signer.go:83.16,85.3 1 0
github.com/bradtumy/credential-service/internal/crypto/kms_signer.go:87.2,88.18 2 0
github.com/bradtumy/credential-service/internal/crypto/kms_signer.go:88.18,90.3 1 0
github.com/bradtumy/credential-service/internal/crypto/kms_signer.go:91.2,92.16 2 0
github.com/bradtumy/credential-service/internal/crypto/kms_signer.go:92.16,94.3 1 0
github.com/bradtumy/credential-service/internal/crypto/kms_signer.go:96.2,97.16 2 0
github.com/bradtumy/credential-service/internal/crypto/kms_signer.go:97.16,99.3 1 0
github.com/bradtumy/credential-service/internal/crypto/kms_signer.go:100.2,101.16 2 0
github.com/bradtumy/credential-service/internal/crypto/kms_signer.go:101.16,103.3 1 0
github.com/bradtumy/credential-service/internal/crypto/kms_signer.go:105.2,105.100 1 0
github.com/bradtumy/credential-service/internal/crypto/kms_signer.go:108.69,109.25 1 0
github.com/bradtumy/credential-service/internal/crypto/kms_signer.go:110.25,117.25 3 0
github.com/bradtumy/credential-service/internal/crypto/kms_signer.go:118.24,119.33 1 0
github.com/bradtumy/credential-service/internal/crypto/kms_signer.go:119.33,121.4 1 0
github.com/bradtumy/credential-service/internal/crypto/kms_signer.go:122.3,129.25 3 0
github.com/bradtumy/credential-service/internal/crypto/kms_signer.go:130.10,131.65 1 0
github.com/bradtumy/credential-service/internal/crypto/kms_signer.go:136.49,136.91 1 0
github.com/bradtumy/credential-service/internal/crypto/kms_signer.go:139.95,140.33 1 0
github.com/bradtumy/credential-service/internal/crypto/kms_signer.go:140.33,142.3 1 0
github.com/bradtumy/credential-service/internal/crypto/kms_signer.go:143.2,145.15 3 0
github.com/bradtumy/credential-service/internal/crypto/kms_signer.go:146.15,147.21 1 0
github.com/bradtumy/credential-service/internal/crypto/kms_signer.go:148.15,149.85 1 0
github.com/bradtumy/credential-service/internal/crypto/kms_signer.go:149.85,151.9 2 0
github.com/bradtumy/credential-service/internal/crypto/kms_signer.go:153.3,154.78 2 0
github.com/bradtumy/credential-service/internal/crypto/kms_signer.go:155.10,156.54 1 0
github.com/bradtumy/credential-service/internal/crypto/kms_signer.go:159.2,160.16 2 0
github.com/bradtumy/credential-service/internal/crypto/kms_signer.go:160.16,162.3 1 0
github.com/bradtumy/credential-service/internal/crypto/kms_signer.go:163.2,163.28 1 0
github.com/bradtumy/credential-service/internal/crypto/kms_signer.go:167.40,167.56 1 0
github.com/bradtumy/credential-service/internal/crypto/kms_signer.go:170.36,170.52 1 0
github.com/bradtumy/credential-service/internal/crypto/kms_signer.go:173.55,173.72 1 0
github.com/bradtumy/credential-service/internal/crypto/kms_signer.go:176.47,176.66 1 0
github.com/bradtumy/credential-service/internal/crypto/local_signer.go:33.64,34.41 1 0
github.com/bradtumy/credential-service/internal/crypto/local_signer.go:34.41,36.3 1 0
github.com/bradtumy/credential-service/internal/crypto/local_signer.go:37.2,38.16 2 0
github.com/bradtumy/credential-service/internal/crypto/local_signer.go:38.16,40.3 1 0
github.com/bradtumy/credential-service/internal/crypto/local_signer.go:42.2,43.16 2 0
github.com/bradtumy/credential-service/internal/crypto/local_signer.go:43.16,45.3 1 0
github.com/bradtumy/credential-service/internal/crypto/local_signer.go:47.2,48.16 2 0
github.com/bradtumy/credential-service/internal/crypto/local_signer.go:48.16,50.3 1 0
github.com/bradtumy/credential-service/internal/crypto/local_signer.go:52.2,53.16 2 0
github.com/bradtumy/credential-service/internal/crypto/local_signer.go:53.16,55.3 1 0
github.com/bradtumy/credential-service/internal/crypto/local_signer.go:57.2,64.8 2 0
github.com/bradtumy/credential-service/internal/crypto/local_signer.go:68.56,70.16 2 0
github.com/bradtumy/credential-service/internal/crypto/local_signer.go:70.16,72.3 1 0
github.com/bradtumy/credential-service/internal/crypto/local_signer.go:73.2,80.16 4 0
github.com/bradtumy/credential-service/internal/crypto/local_signer.go:80.16,82.3 1 0
github.com/bradtumy/credential-service/internal/crypto/local_signer.go:83.2,83.76 1 0
github.com/bradtumy/credential-service/internal/crypto/local_signer.go:86.36,88.16 2 0
github.com/bradtumy/credential-service/internal/crypto/local_signer.go:88.16,90.3 1 0
github.com/bradtumy/credential-service/internal/crypto/local_signer.go:91.2,91.35 1 0
github.com/bradtumy/credential-service/internal/crypto/local_signer.go:91.35,93.3 1 0
github.com/bradtumy/credential-service/internal/crypto/local_signer.go:94.2,94.12 1 0
github.com/bradtumy/credential-service/internal/crypto/local_signer.go:97.75,98.54 1 0
github.com/bradtumy/credential-service/internal/crypto/local_signer.go:98.54,100.3 1 0
github.com/bradtumy/credential-service/internal/crypto/local_signer.go:102.2,103.16 2 0
github.com/bradtumy/credential-service/internal/crypto/local_signer.go:103.16,104.45 1 0
github.com/bradtumy/credential-service/internal/crypto/local_signer.go:104.45,107.4 2 0
github.com/bradtumy/credential-service/internal/crypto/local_signer.go:108.3,108.65 1 0
github.com/bradtumy/credential-service/internal/crypto/local_signer.go:108.65,109.45 1 0
github.com/bradtumy/credential-service/internal/crypto/local_signer.go:109.45,111.5 1 0
github.com/bradtumy/credential-service/internal/crypto/local_signer.go:115.2,115.61 1 0
github.com/bradtumy/credential-service/internal/crypto/local_signer.go:118.77,120.16 2 0
github.com/bradtumy/credential-service/internal/crypto/local_signer.go:120.16,122.3 1 0
github.com/bradtumy/credential-service/internal/crypto/local_signer.go:123.2,123.16 1 0
github.com/bradtumy/credential-service/internal/crypto/local_signer.go:123.16,125.3 1 0
github.com/bradtumy/credential-service/internal/crypto/local_signer.go:126.2,126.16 1 0
github.com/bradtumy/credential-service/internal/crypto/local_signer.go:126.16,128.3 1 0
github.com/bradtumy/credential-service/internal/crypto/local_signer.go:130.2,131.9 2 0
github.com/bradtumy/credential-service/internal/crypto/local_signer.go:131.9,133.3 1 0
github.com/bradtumy/credential-service/internal/crypto/local_signer.go:134.2,134.28 1 0
github.com/bradtumy/credential-service/internal/crypto/local_signer.go:137.79,138.28 1 0
github.com/bradtumy/credential-service/internal/crypto/local_signer.go:139.26,146.40 3 0
github.com/bradtumy/credential-service/internal/crypto/local_signer.go:147.25,148.33 1 0
github.com/bradtumy/credential-service/internal/crypto/local_signer.go:148.33,150.4 1 0
github.com/bradtumy/credential-service/internal/crypto/local_signer.go:151.3,158.40 3 0
github.com/bradtumy/credential-service/internal/crypto/local_signer.go:159.23,160.24 1 0
github.com/bradtumy/credential-service/internal/crypto/local_signer.go:160.24,162.4 1 0
github.com/bradtumy/credential-service/internal/crypto/local_signer.go:163.3,163.76 1 0
github.com/bradtumy/credential-service/internal/crypto/local_signer.go:164.10,165.69 1 0
github.com/bradtumy/credential-service/internal/crypto/local_signer.go:170.97,171.29 1 0
github.com/bradtumy/credential-service/internal/crypto/local_signer.go:172.26,173.56 1 0
github.com/bradtumy/credential-service/internal/crypto/local_signer.go:174.25,175.85 1 0
github.com/bradtumy/credential-service/internal/crypto/local_signer.go:175.85,177.4 1 0
github.com/bradtumy/credential-service/internal/crypto/local_signer.go:178.3,179.57 2 0
github.com/bradtumy/credential-service/internal/crypto/local_signer.go:180.10,181.59 1 0
github.com/bradtumy/credential-service/internal/crypto/local_signer.go:186.51,186.93 1 0
github.com/bradtumy/credential-service/internal/crypto/local_signer.go:189.42,189.58 1 0
github.com/bradtumy/credential-service/internal/crypto/local_signer.go:192.38,192.54 1 0
github.com/bradtumy/credential-service/internal/crypto/local_signer.go:195.52,195.77 1 0
github.com/bradtumy/credential-service/internal/crypto/local_signer.go:198.49,198.73 1 0
github.com/bradtumy/credential-service/internal/crypto/local_signer.go:201.57,203.2 1 0
github.com/bradtumy/credential-service/internal/crypto/rotation.go:23.46,25.12 2 0
github.com/bradtumy/credential-service/internal/crypto/rotation.go:25.12,27.17 2 0
github.com/bradtumy/credential-service/internal/crypto/rotation.go:27.17,29.4 1 0
github.com/bradtumy/credential-service/internal/crypto/rotation.go:30.3,31.17 2 0
github.com/bradtumy/credential-service/internal/crypto/rotation.go:31.17,33.4 1 0
github.com/bradtumy/credential-service/internal/crypto/rotation.go:34.3,34.117 1 0
github.com/bradtumy/credential-service/internal/crypto/rotation.go:37.2,37.15 1 0
github.com/bradtumy/credential-service/internal/crypto/rotation.go:37.15,39.3 1 0
github.com/bradtumy/credential-service/internal/crypto/rotation.go:41.2,45.16 4 0
github.com/bradtumy/credential-service/internal/crypto/rotation.go:45.16,47.3 1 0
github.com/bradtumy/credential-service/internal/crypto/rotation.go:48.2,48.30 1 0
github.com/bradtumy/credential-service/internal/crypto/rotation.go:48.30,50.3 1 0
github.com/bradtumy/credential-service/internal/crypto/rotation.go:52.2,53.51 2 0
github.com/bradtumy/credential-service/internal/crypto/rotation.go:53.51,55.3 1 0
github.com/bradtumy/credential-service/internal/crypto/rotation.go:57.2,61.70 4 0
github.com/bradtumy/credential-service/internal/crypto/rotation.go:61.70,63.17 2 0
github.com/bradtumy/credential-service/internal/crypto/rotation.go:63.17,65.4 1 0
github.com/bradtumy/credential-service/internal/crypto/rotation.go:66.3,67.28 2 0
github.com/bradtumy/credential-service/internal/crypto/rotation.go:70.2,70.16 1 0
github.com/bradtumy/credential-service/internal/crypto/rotation.go:73.55,75.16 2 0
github.com/bradtumy/credential-service/internal/crypto/rotation.go:75.16,77.3 1 0
github.com/bradtumy/credential-service/internal/crypto/rotation.go:79.2,79.42 1 0
github.com/bradtumy/credential-service/internal/crypto/rotation.go:79.42,79.90 1 0
github.com/bradtumy/credential-service/internal/crypto/rotation.go:81.2,82.32 2 0
github.com/bradtumy/credential-service/internal/crypto/rotation.go:82.32,83.20 1 0
github.com/bradtumy/credential-service/internal/crypto/rotation.go:83.20,84.12 1 0
github.com/bradtumy/credential-service/internal/crypto/rotation.go:86.3,87.17 2 0
github.com/bradtumy/credential-service/internal/crypto/rotation.go:87.17,89.4 1 0
github.com/bradtumy/credential-service/internal/crypto/rotation.go:90.3,90.36 1 0
github.com/bradtumy/credential-service/internal/crypto/rotation.go:92.2,92.21 1 0
github.com/bradtumy/credential-service/internal/crypto/rotation.go:96.58,97.14 1 0
github.com/bradtumy/credential-service/internal/crypto/rotation.go:97.14,99.3 1 0
github.com/bradtumy/credential-service/internal/crypto/rotation.go:100.2,101.17 2 0
github.com/bradtumy/credential-service/internal/crypto/rotation.go:105.43,106.14 1 0
github.com/bradtumy/credential-service/internal/crypto/rotation.go:106.14,108.3 1 0
github.com/bradtumy/credential-service/internal/crypto/rotation.go:109.2,111.12 3 0
github.com/bradtumy/credential-service/internal/crypto/rotation.go:115.41,116.14 1 0
github.com/bradtumy/credential-service/internal/crypto/rotation.go:116.14,118.3 1 0
github.com/bradtumy/credential-service/internal/crypto/rotation.go:119.2,120.34 2 0
github.com/bradtumy/credential-service/internal/crypto/rotation.go:120.34,122.54 2 0
github.com/bradtumy/credential-service/internal/crypto/rotation.go:122.54,124.4 1 0
github.com/bradtumy/credential-service/internal/crypto/rotation.go:125.3,128.27 4 0
github.com/bradtumy/credential-service/internal/crypto/rotation.go:128.27,130.4 1 0
github.com/bradtumy/credential-service/internal/crypto/rotation.go:131.3,131.26 1 0
github.com/bradtumy/credential-service/internal/crypto/rotation.go:131.26,133.4 1 0
github.com/bradtumy/credential-service/internal/crypto/rotation.go:134.3,134.25 1 0
github.com/bradtumy/credential-service/internal/crypto/rotation.go:137.2,138.30 2 0
github.com/bradtumy/credential-service/internal/crypto/utils.go:15.64,16.33 1 0
github.com/bradtumy/credential-service/internal/crypto/utils.go:17.25,19.61 2 0
github.com/bradtumy/credential-service/internal/crypto/utils.go:20.10,21.63 1 0
github.com/bradtumy/credential-service/internal/crypto/utils.go:26.67,33.2 2 0
github.com/bradtumy/credential-service/internal/crypto/utils.go:36.59,43.2 4 1004
github.com/bradtumy/credential-service/internal/crypto/utils.go:46.38,49.2 2 5
github.com/bradtumy/credential-service/internal/crypto/utils.go:52.62,53.19 1 3
github.com/bradtumy/credential-service/internal/crypto/utils.go:53.19,55.3 1 1
github.com/bradtumy/credential-service/internal/crypto/utils.go:58.2,59.19 2 2
github.com/bradtumy/credential-service/internal/crypto/utils.go:59.19,61.3 1 0
github.com/bradtumy/credential-service/internal/crypto/utils.go:64.2,66.16 3 2
github.com/bradtumy/credential-service/internal/crypto/utils.go:66.16,68.3 1 0
github.com/bradtumy/credential-service/internal/crypto/utils.go:70.2,70.12 1 2
github.com/bradtumy/credential-service/internal/crypto/utils.go:74.43,76.26 2 7
github.com/bradtumy/credential-service/internal/crypto/utils.go:76.26,77.117 1 77
github.com/bradtumy/credential-service/internal/crypto/utils.go:77.117,79.4 1 56
github.com/bradtumy/credential-service/internal/crypto/utils.go:79.9,79.22 1 21
github.com/bradtumy/credential-service/internal/crypto/utils.go:79.22,81.4 1 1
github.com/bradtumy/credential-service/internal/crypto/utils.go:84.2,84.15 1 7
github.com/bradtumy/credential-service/internal/crypto/utils.go:88.46,91.16 2 2
github.com/bradtumy/credential-service/internal/crypto/utils.go:91.16,93.3 1 0
github.com/bradtumy/credential-service/internal/crypto/utils.go:96.2,99.8 1 2
github.com/bradtumy/credential-service/internal/crypto/utils.go:108.48,110.2 1 2
github.com/bradtumy/credential-service/internal/crypto/utils.go:112.98,114.2 1 3
github.com/bradtumy/credential-service/internal/crypto/utils.go:120.96,122.16 2 0
github.com/bradtumy/credential-service/internal/crypto/utils.go:122.16,124.3 1 0
github.com/bradtumy/credential-service/internal/crypto/utils.go:125.2,125.23 1 0
github.com/bradtumy/credential-service/internal/crypto/vault_signer.go:34.52,36.21 2 4
github.com/bradtumy/credential-service/internal/crypto/vault_signer.go:36.21,38.3 1 1
github.com/bradtumy/credential-service/internal/crypto/vault_signer.go:40.2,41.22 2 3
github.com/bradtumy/credential-service/internal/crypto/vault_signer.go:41.22,43.3 1 1
github.com/bradtumy/credential-service/internal/crypto/vault_signer.go:45.2,46.19 2 2
github.com/bradtumy/credential-service/internal/crypto/vault_signer.go:46.19,48.3 1 1
github.com/bradtumy/credential-service/internal/crypto/vault_signer.go:50.2,51.21 2 1
github.com/bradtumy/credential-service/internal/crypto/vault_signer.go:51.21,53.3 1 1
github.com/bradtumy/credential-service/internal/crypto/vault_signer.go:55.2,65.64 2 1
github.com/bradtumy/credential-service/internal/crypto/vault_signer.go:65.64,67.3 1 0
github.com/bradtumy/credential-service/internal/crypto/vault_signer.go:69.2,69.20 1 1
github.com/bradtumy/credential-service/internal/crypto/vault_signer.go:73.61,74.19 1 1
github.com/bradtumy/credential-service/internal/crypto/vault_signer.go:74.19,76.3 1 0
github.com/bradtumy/credential-service/internal/crypto/vault_signer.go:79.2,80.16 2 1
github.com/bradtumy/credential-service/internal/crypto/vault_signer.go:80.16,82.92 1 0
github.com/bradtumy/credential-service/internal/crypto/vault_signer.go:82.92,83.43 1 0
github.com/bradtumy/credential-service/internal/crypto/vault_signer.go:83.43,85.5 1 0
github.com/bradtumy/credential-service/internal/crypto/vault_signer.go:87.4,88.18 2 0
github.com/bradtumy/credential-service/internal/crypto/vault_signer.go:88.18,90.5 1 0
github.com/bradtumy/credential-service/internal/crypto/vault_signer.go:91.9,93.4 1 0
github.com/bradtumy/credential-service/internal/crypto/vault_signer.go:97.2,98.16 2 1
github.com/bradtumy/credential-service/internal/crypto/vault_signer.go:98.16,100.3 1 0
github.com/bradtumy/credential-service/internal/crypto/vault_signer.go:102.2,106.12 4 1
github.com/bradtumy/credential-service/internal/crypto/vault_signer.go:110.60,118.2 3 0
github.com/bradtumy/credential-service/internal/crypto/vault_signer.go:121.87,125.76 3 1
github.com/bradtumy/credential-service/internal/crypto/vault_signer.go:125.76,127.3 1 0
github.com/bradtumy/credential-service/internal/crypto/vault_signer.go:129.2,130.9 2 1
github.com/bradtumy/credential-service/internal/crypto/vault_signer.go:130.9,132.3 1 0
github.com/bradtumy/credential-service/internal/crypto/vault_signer.go:134.2,134.18 1 1
github.com/bradtumy/credential-service/internal/crypto/vault_signer.go:138.103,140.9 2 1
github.com/bradtumy/credential-service/internal/crypto/vault_signer.go:140.9,142.3 1 0
github.com/bradtumy/credential-service/internal/crypto/vault_signer.go:145.2,146.31 2 1
github.com/bradtumy/credential-service/internal/crypto/vault_signer.go:146.31,147.58 1 1
github.com/bradtumy/credential-service/internal/crypto/vault_signer.go:147.58,148.64 1 1
github.com/bradtumy/credential-service/internal/crypto/vault_signer.go:148.64,150.10 2 1
github.com/bradtumy/credential-service/internal/crypto/vault_signer.go:155.2,155.24 1 1
github.com/bradtumy/credential-service/internal/crypto/vault_signer.go:155.24,157.3 1 0
github.com/bradtumy/credential-service/internal/crypto/vault_signer.go:160.2,161.16 2 1
github.com/bradtumy/credential-service/internal/crypto/vault_signer.go:161.16,163.3 1 0
github.com/bradtumy/credential-service/internal/crypto/vault_signer.go:166.2,166.50 1 1
github.com/bradtumy/credential-service/internal/crypto/vault_signer.go:166.50,168.3 1 0
github.com/bradtumy/credential-service/internal/crypto/vault_signer.go:170.2,172.26 2 1
github.com/bradtumy/credential-service/internal/crypto/vault_signer.go:176.49,177.20 1 1
github.com/bradtumy/credential-service/internal/crypto/vault_signer.go:177.20,179.3 1 1
github.com/bradtumy/credential-service/internal/crypto/vault_signer.go:180.2,180.20 1 0
github.com/bradtumy/credential-service/internal/crypto/vault_signer.go:184.100,185.20 1 1
github.com/bradtumy/credential-service/internal/crypto/vault_signer.go:185.20,187.3 1 1
github.com/bradtumy/credential-service/internal/crypto/vault_signer.go:190.2,199.105 5 0
github.com/bradtumy/credential-service/internal/crypto/vault_signer.go:199.105,201.3 1 0
github.com/bradtumy/credential-service/internal/crypto/vault_signer.go:203.2,204.9 2 0
github.com/bradtumy/credential-service/internal/crypto/vault_signer.go:204.9,206.3 1 0
github.com/bradtumy/credential-service/internal/crypto/vault_signer.go:208.2,209.9 2 0
github.com/bradtumy/credential-service/internal/crypto/vault_signer.go:209.9,211.3 1 0
github.com/bradtumy/credential-service/internal/crypto/vault_signer.go:215.2,216.20 2 0
github.com/bradtumy/credential-service/internal/crypto/vault_signer.go:216.20,218.3 1 0
github.com/bradtumy/credential-service/internal/crypto/vault_signer.go:221.2,222.16 2 0
github.com/bradtumy/credential-service/internal/crypto/vault_signer.go:222.16,224.3 1 0
github.com/bradtumy/credential-service/internal/crypto/vault_signer.go:226.2,226.28 1 0
github.com/bradtumy/credential-service/internal/crypto/vault_signer.go:230.128,232.20 2 1
github.com/bradtumy/credential-service/internal/crypto/vault_signer.go:232.20,234.17 2 0
github.com/bradtumy/credential-service/internal/crypto/vault_signer.go:234.17,236.4 1 0
github.com/bradtumy/credential-service/internal/crypto/vault_signer.go:237.3,237.38 1 0
github.com/bradtumy/credential-service/internal/crypto/vault_signer.go:240.2,241.16 2 1
github.com/bradtumy/credential-service/internal/crypto/vault_signer.go:241.16,243.3 1 0
github.com/bradtumy/credential-service/internal/crypto/vault_signer.go:245.2,246.20 2 1
github.com/bradtumy/credential-service/internal/crypto/vault_signer.go:246.20,248.3 1 0
github.com/bradtumy/credential-service/internal/crypto/vault_signer.go:250.2,251.16 2 1
github.com/bradtumy/credential-service/internal/crypto/vault_signer.go:251.16,253.3 1 0
github.com/bradtumy/credential-service/internal/crypto/vault_signer.go:254.2,256.28 2 1
github.com/bradtumy/credential-service/internal/crypto/vault_signer.go:256.28,259.3 2 0
github.com/bradtumy/credential-service/internal/crypto/vault_signer.go:261.2,261.19 1 1
github.com/bradtumy/credential-service/internal/crypto/vault_signer.go:261.19,262.67 1 1
github.com/bradtumy/credential-service/internal/crypto/vault_signer.go:262.67,264.4 1 0
github.com/bradtumy/credential-service/internal/crypto/vault_signer.go:267.2,267.12 1 1
github.com/bradtumy/credential-service/internal/httpx/admin_middleware.go:14.167,15.46 1 0
github.com/bradtumy/credential-service/internal/httpx/admin_middleware.go:15.46,16.72 1 0
github.com/bradtumy/credential-service/internal/httpx/admin_middleware.go:16.72,19.24 2 0
github.com/bradtumy/credential-service/internal/httpx/admin_middleware.go:19.24,22.5 2 0
github.com/bradtumy/credential-service/internal/httpx/admin_middleware.go:24.4,24.49 1 0
github.com/bradtumy/credential-service/internal/httpx/admin_middleware.go:24.49,27.5 2 0
github.com/bradtumy/credential-service/internal/httpx/admin_middleware.go:29.4,30.24 2 0
github.com/bradtumy/credential-service/internal/httpx/admin_middleware.go:30.24,33.5 2 0
github.com/bradtumy/credential-service/internal/httpx/admin_middleware.go:36.4,37.22 2 0
github.com/bradtumy/credential-service/internal/httpx/admin_middleware.go:37.22,39.5 1 0
github.com/bradtumy/credential-service/internal/httpx/admin_middleware.go:42.4,43.75 1 0
github.com/bradtumy/credential-service/internal/httpx/admin_middleware.go:43.75,44.30 1 0
github.com/bradtumy/credential-service/internal/httpx/admin_middleware.go:44.30,46.21 2 0
github.com/bradtumy/credential-service/internal/httpx/admin_middleware.go:46.21,48.8 1 0
github.com/bradtumy/credential-service/internal/httpx/admin_middleware.go:49.7,49.19 1 0
github.com/bradtumy/credential-service/internal/httpx/admin_middleware.go:49.19,51.8 1 0
github.com/bradtumy/credential-service/internal/httpx/admin_middleware.go:53.6,53.29 1 0
github.com/bradtumy/credential-service/internal/httpx/admin_middleware.go:58.4,59.18 2 0
github.com/bradtumy/credential-service/internal/httpx/admin_middleware.go:59.18,62.5 2 0
github.com/bradtumy/credential-service/internal/httpx/admin_middleware.go:64.4,64.41 1 0
github.com/bradtumy/credential-service/internal/httpx/admin_middleware.go:64.41,67.5 2 0
github.com/bradtumy/credential-service/internal/httpx/admin_middleware.go:70.4,73.95 2 0
github.com/bradtumy/credential-service/internal/httpx/admin_middleware.go:73.95,74.36 1 0
github.com/bradtumy/credential-service/internal/httpx/admin_middleware.go:74.36,76.6 1 0
github.com/bradtumy/credential-service/internal/httpx/admin_middleware.go:76.11,78.6 1 0
github.com/bradtumy/credential-service/internal/httpx/admin_middleware.go:79.5,79.11 1 0
github.com/bradtumy/credential-service/internal/httpx/admin_middleware.go:83.4,86.41 3 0
github.com/bradtumy/credential-service/internal/httpx/admin_middleware.go:92.58,93.60 1 0
github.com/bradtumy/credential-service/internal/httpx/admin_middleware.go:93.60,95.3 1 0
github.com/bradtumy/credential-service/internal/httpx/admin_middleware.go:96.2,96.11 1 0
github.com/bradtumy/credential-service/internal/httpx/admin_middleware.go:100.73,101.74 1 0
github.com/bradtumy/credential-service/internal/httpx/admin_middleware.go:101.74,103.3 1 0
github.com/bradtumy/credential-service/internal/httpx/admin_middleware.go:104.2,104.12 1 0
github.com/bradtumy/credential-service/internal/httpx/admin_revocation.go:17.56,18.87 1 0
github.com/bradtumy/credential-service/internal/httpx/admin_revocation.go:18.87,19.25 1 0
github.com/bradtumy/credential-service/internal/httpx/admin_revocation.go:20.30,22.98 2 0
github.com/bradtumy/credential-service/internal/httpx/admin_revocation.go:22.98,25.14 2 0
github.com/bradtumy/credential-service/internal/httpx/admin_revocation.go:26.13,26.27 1 0
github.com/bradtumy/credential-service/internal/httpx/admin_revocation.go:26.27,28.14 1 0
github.com/bradtumy/credential-service/internal/httpx/admin_revocation.go:28.19,30.14 1 0
github.com/bradtumy/credential-service/internal/httpx/admin_revocation.go:31.13,32.77 2 0
github.com/bradtumy/credential-service/internal/httpx/admin_revocation.go:33.17,34.102 1 0
github.com/bradtumy/credential-service/internal/httpx/bootstrap_handlers.go:31.136,32.85 1 0
github.com/bradtumy/credential-service/internal/httpx/bootstrap_handlers.go:32.85,33.34 1 0
github.com/bradtumy/credential-service/internal/httpx/bootstrap_handlers.go:33.34,36.4 2 0
github.com/bradtumy/credential-service/internal/httpx/bootstrap_handlers.go:38.3,39.62 2 0
github.com/bradtumy/credential-service/internal/httpx/bootstrap_handlers.go:39.62,42.4 2 0
github.com/bradtumy/credential-service/internal/httpx/bootstrap_handlers.go:44.3,44.29 1 0
github.com/bradtumy/credential-service/internal/httpx/bootstrap_handlers.go:44.29,47.4 2 0
github.com/bradtumy/credential-service/internal/httpx/bootstrap_handlers.go:50.3,52.17 3 0
github.com/bradtumy/credential-service/internal/httpx/bootstrap_handlers.go:52.17,55.4 2 0
github.com/bradtumy/credential-service/internal/httpx/bootstrap_handlers.go:58.3,59.17 2 0
github.com/bradtumy/credential-service/internal/httpx/bootstrap_handlers.go:59.17,62.4 2 0
github.com/bradtumy/credential-service/internal/httpx/bootstrap_handlers.go:65.3,65.27 1 0
github.com/bradtumy/credential-service/internal/httpx/bootstrap_handlers.go:65.27,66.91 1 0
github.com/bradtumy/credential-service/internal/httpx/bootstrap_handlers.go:66.91,69.5 1 0
github.com/bradtumy/credential-service/internal/httpx/bootstrap_handlers.go:73.3,87.17 4 0
github.com/bradtumy/credential-service/internal/httpx/bootstrap_handlers.go:87.17,90.4 2 0
github.com/bradtumy/credential-service/internal/httpx/bootstrap_handlers.go:93.3,101.38 3 0
github.com/bradtumy/credential-service/internal/httpx/errors.go:30.88,32.2 1 13
github.com/bradtumy/credential-service/internal/httpx/errors.go:35.119,45.2 3 13
github.com/bradtumy/credential-service/internal/httpx/errors.go:48.61,50.36 2 0
github.com/bradtumy/credential-service/internal/httpx/errors.go:50.36,52.32 2 0
github.com/bradtumy/credential-service/internal/httpx/errors.go:52.32,58.4 1 0
github.com/bradtumy/credential-service/internal/httpx/errors.go:59.3,59.104 1 0
github.com/bradtumy/credential-service/internal/httpx/errors.go:60.8,62.3 1 0
github.com/bradtumy/credential-service/internal/httpx/errors.go:66.54,68.2 1 1
github.com/bradtumy/credential-service/internal/httpx/errors.go:71.64,73.2 1 0
github.com/bradtumy/credential-service/internal/httpx/gateway_handlers.go:74.68,75.20 1 12
github.com/bradtumy/credential-service/internal/httpx/gateway_handlers.go:75.20,77.3 1 0
github.com/bradtumy/credential-service/internal/httpx/gateway_handlers.go:79.2,79.29 1 12
github.com/bradtumy/credential-service/internal/httpx/gateway_handlers.go:79.29,81.3 1 9
github.com/bradtumy/credential-service/internal/httpx/gateway_handlers.go:83.2,83.30 1 12
github.com/bradtumy/credential-service/internal/httpx/gateway_handlers.go:83.30,85.3 1 10
github.com/bradtumy/credential-service/internal/httpx/gateway_handlers.go:87.2,87.24 1 12
github.com/bradtumy/credential-service/internal/httpx/gateway_handlers.go:87.24,89.3 1 11
github.com/bradtumy/credential-service/internal/httpx/gateway_handlers.go:91.2,91.24 1 12
github.com/bradtumy/credential-service/internal/httpx/gateway_handlers.go:91.24,93.3 1 12
github.com/bradtumy/credential-service/internal/httpx/gateway_handlers.go:95.2,95.87 1 12
github.com/bradtumy/credential-service/internal/httpx/gateway_handlers.go:95.87,97.34 2 13
github.com/bradtumy/credential-service/internal/httpx/gateway_handlers.go:97.34,100.4 2 0
github.com/bradtumy/credential-service/internal/httpx/gateway_handlers.go:102.3,103.62 2 13
github.com/bradtumy/credential-service/internal/httpx/gateway_handlers.go:103.62,106.4 2 0
github.com/bradtumy/credential-service/internal/httpx/gateway_handlers.go:108.3,109.21 2 13
github.com/bradtumy/credential-service/internal/httpx/gateway_handlers.go:109.21,111.4 1 13
github.com/bradtumy/credential-service/internal/httpx/gateway_handlers.go:113.3,115.53 2 13
github.com/bradtumy/credential-service/internal/httpx/gateway_handlers.go:115.53,119.4 3 2
github.com/bradtumy/credential-service/internal/httpx/gateway_handlers.go:121.3,122.47 2 11
github.com/bradtumy/credential-service/internal/httpx/gateway_handlers.go:122.47,124.4 1 10
github.com/bradtumy/credential-service/internal/httpx/gateway_handlers.go:126.3,128.17 3 11
github.com/bradtumy/credential-service/internal/httpx/gateway_handlers.go:128.17,130.4 1 0
github.com/bradtumy/credential-service/internal/httpx/gateway_handlers.go:131.3,131.15 1 11
github.com/bradtumy/credential-service/internal/httpx/gateway_handlers.go:131.15,135.4 3 1
github.com/bradtumy/credential-service/internal/httpx/gateway_handlers.go:137.3,138.72 2 10
github.com/bradtumy/credential-service/internal/httpx/gateway_handlers.go:138.72,142.22 4 2
github.com/bradtumy/credential-service/internal/httpx/gateway_handlers.go:142.22,144.5 1 2
github.com/bradtumy/credential-service/internal/httpx/gateway_handlers.go:144.10,146.5 1 0
github.com/bradtumy/credential-service/internal/httpx/gateway_handlers.go:147.4,147.10 1 2
github.com/bradtumy/credential-service/internal/httpx/gateway_handlers.go:149.3,151.109 2 8
github.com/bradtumy/credential-service/internal/httpx/gateway_handlers.go:151.109,152.27 1 9
github.com/bradtumy/credential-service/internal/httpx/gateway_handlers.go:152.27,154.19 2 9
github.com/bradtumy/credential-service/internal/httpx/gateway_handlers.go:154.19,156.6 1 0
github.com/bradtumy/credential-service/internal/httpx/gateway_handlers.go:157.5,157.17 1 9
github.com/bradtumy/credential-service/internal/httpx/gateway_handlers.go:157.17,159.6 1 1
github.com/bradtumy/credential-service/internal/httpx/gateway_handlers.go:161.4,161.27 1 8
github.com/bradtumy/credential-service/internal/httpx/gateway_handlers.go:161.27,163.5 1 0
github.com/bradtumy/credential-service/internal/httpx/gateway_handlers.go:164.4,164.31 1 8
github.com/bradtumy/credential-service/internal/httpx/gateway_handlers.go:167.3,168.17 2 8
github.com/bradtumy/credential-service/internal/httpx/gateway_handlers.go:168.17,176.4 7 2
github.com/bradtumy/credential-service/internal/httpx/gateway_handlers.go:178.3,194.17 4 6
github.com/bradtumy/credential-service/internal/httpx/gateway_handlers.go:194.17,197.4 2 0
github.com/bradtumy/credential-service/internal/httpx/gateway_handlers.go:198.3,198.26 1 6
github.com/bradtumy/credential-service/internal/httpx/gateway_handlers.go:198.26,204.4 5 2
github.com/bradtumy/credential-service/internal/httpx/gateway_handlers.go:205.3,206.39 2 4
github.com/bradtumy/credential-service/internal/httpx/gateway_handlers.go:206.39,215.4 4 1
github.com/bradtumy/credential-service/internal/httpx/gateway_handlers.go:217.3,230.27 2 4
github.com/bradtumy/credential-service/internal/httpx/gateway_handlers.go:230.27,232.18 2 2
github.com/bradtumy/credential-service/internal/httpx/gateway_handlers.go:232.18,237.5 4 0
github.com/bradtumy/credential-service/internal/httpx/gateway_handlers.go:238.4,238.37 1 2
github.com/bradtumy/credential-service/internal/httpx/gateway_handlers.go:241.3,246.29 6 4
github.com/bradtumy/credential-service/internal/httpx/gateway_handlers.go:250.74,253.19 3 10
github.com/bradtumy/credential-service/internal/httpx/gateway_handlers.go:253.19,255.3 1 4
github.com/bradtumy/credential-service/internal/httpx/gateway_handlers.go:256.2,257.37 2 10
github.com/bradtumy/credential-service/internal/httpx/gateway_handlers.go:260.53,261.9 1 2
github.com/bradtumy/credential-service/internal/httpx/gateway_handlers.go:262.51,263.30 1 1
github.com/bradtumy/credential-service/internal/httpx/gateway_handlers.go:264.49,265.28 1 1
github.com/bradtumy/credential-service/internal/httpx/gateway_handlers.go:266.50,267.29 1 0
github.com/bradtumy/credential-service/internal/httpx/gateway_handlers.go:268.52,269.31 1 0
github.com/bradtumy/credential-service/internal/httpx/gateway_handlers.go:270.49,271.37 1 0
github.com/bradtumy/credential-service/internal/httpx/gateway_handlers.go:272.49,273.25 1 0
github.com/bradtumy/credential-service/internal/httpx/gateway_handlers.go:274.47,275.23 1 0
github.com/bradtumy/credential-service/internal/httpx/gateway_handlers.go:276.10,277.31 1 0
github.com/bradtumy/credential-service/internal/httpx/gateway_handlers.go:281.64,283.46 2 13
github.com/bradtumy/credential-service/internal/httpx/gateway_handlers.go:283.46,285.3 1 11
github.com/bradtumy/credential-service/internal/httpx/gateway_handlers.go:287.2,287.22 1 13
github.com/bradtumy/credential-service/internal/httpx/gateway_handlers.go:287.22,289.3 1 1
github.com/bradtumy/credential-service/internal/httpx/gateway_handlers.go:291.2,291.28 1 12
github.com/bradtumy/credential-service/internal/httpx/gateway_handlers.go:291.28,293.3 1 1
github.com/bradtumy/credential-service/internal/httpx/gateway_handlers.go:294.2,294.26 1 11
github.com/bradtumy/credential-service/internal/httpx/gateway_handlers.go:294.26,296.3 1 0
github.com/bradtumy/credential-service/internal/httpx/gateway_handlers.go:298.2,298.122 1 11
github.com/bradtumy/credential-service/internal/httpx/gateway_handlers.go:298.122,300.3 1 0
github.com/bradtumy/credential-service/internal/httpx/gateway_handlers.go:302.2,302.31 1 11
github.com/bradtumy/credential-service/internal/httpx/gateway_handlers.go:302.31,303.18 1 12
github.com/bradtumy/credential-service/internal/httpx/gateway_handlers.go:303.18,305.4 1 0
github.com/bradtumy/credential-service/internal/httpx/gateway_handlers.go:306.3,306.39 1 12
github.com/bradtumy/credential-service/internal/httpx/gateway_handlers.go:306.39,308.4 1 0
github.com/bradtumy/credential-service/internal/httpx/gateway_handlers.go:311.2,311.12 1 11
github.com/bradtumy/credential-service/internal/httpx/gateway_handlers.go:314.77,315.19 1 4
github.com/bradtumy/credential-service/internal/httpx/gateway_handlers.go:315.19,317.3 1 0
github.com/bradtumy/credential-service/internal/httpx/gateway_handlers.go:318.2,319.38 2 4
github.com/bradtumy/credential-service/internal/httpx/gateway_handlers.go:319.38,321.3 1 4
github.com/bradtumy/credential-service/internal/httpx/gateway_handlers.go:322.2,322.38 1 4
github.com/bradtumy/credential-service/internal/httpx/gateway_handlers.go:322.38,324.3 1 1
github.com/bradtumy/credential-service/internal/httpx/gateway_handlers.go:325.2,325.20 1 4
github.com/bradtumy/credential-service/internal/httpx/gateway_handlers.go:325.20,327.3 1 0
github.com/bradtumy/credential-service/internal/httpx/gateway_handlers.go:328.2,328.13 1 4
github.com/bradtumy/credential-service/internal/httpx/gateway_handlers.go:331.117,333.31 2 11
github.com/bradtumy/credential-service/internal/httpx/gateway_handlers.go:333.31,335.3 1 12
github.com/bradtumy/credential-service/internal/httpx/gateway_handlers.go:336.2,340.19 5 11
github.com/bradtumy/credential-service/internal/httpx/gateway_handlers.go:340.19,342.3 1 2
github.com/bradtumy/credential-service/internal/httpx/gateway_handlers.go:343.2,343.41 1 11
github.com/bradtumy/credential-service/internal/httpx/gateway_handlers.go:346.105,347.26 1 10
github.com/bradtumy/credential-service/internal/httpx/gateway_handlers.go:347.26,349.3 1 0
github.com/bradtumy/credential-service/internal/httpx/gateway_handlers.go:351.2,352.23 2 10
github.com/bradtumy/credential-service/internal/httpx/gateway_handlers.go:352.23,354.3 1 8
github.com/bradtumy/credential-service/internal/httpx/gateway_handlers.go:356.2,357.52 2 2
github.com/bradtumy/credential-service/internal/httpx/gateway_handlers.go:357.52,359.3 1 0
github.com/bradtumy/credential-service/internal/httpx/gateway_handlers.go:360.2,360.19 1 2
github.com/bradtumy/credential-service/internal/httpx/gateway_handlers.go:363.119,364.38 1 4
github.com/bradtumy/credential-service/internal/httpx/gateway_handlers.go:364.38,366.3 1 0
github.com/bradtumy/credential-service/internal/httpx/gateway_handlers.go:367.2,368.16 2 4
github.com/bradtumy/credential-service/internal/httpx/gateway_handlers.go:368.16,370.3 1 0
github.com/bradtumy/credential-service/internal/httpx/gateway_handlers.go:371.2,371.42 1 4
github.com/bradtumy/credential-service/internal/httpx/gateway_handlers.go:374.97,376.61 2 4
github.com/bradtumy/credential-service/internal/httpx/gateway_handlers.go:376.61,378.3 1 0
github.com/bradtumy/credential-service/internal/httpx/gateway_handlers.go:379.2,380.29 2 4
github.com/bradtumy/credential-service/internal/httpx/gateway_handlers.go:380.29,382.3 1 0
github.com/bradtumy/credential-service/internal/httpx/gateway_handlers.go:383.2,384.20 2 4
github.com/bradtumy/credential-service/internal/httpx/gateway_handlers.go:384.20,386.3 1 0
github.com/bradtumy/credential-service/internal/httpx/gateway_handlers.go:387.2,387.28 1 4
github.com/bradtumy/credential-service/internal/httpx/gateway_handlers.go:387.28,389.3 1 0
github.com/bradtumy/credential-service/internal/httpx/gateway_handlers.go:390.2,390.19 1 4
github.com/bradtumy/credential-service/internal/httpx/gateway_handlers.go:393.60,395.16 2 11
github.com/bradtumy/credential-service/internal/httpx/gateway_handlers.go:395.16,397.3 1 0
github.com/bradtumy/credential-service/internal/httpx/gateway_handlers.go:398.2,398.45 1 11
github.com/bradtumy/credential-service/internal/httpx/gateway_handlers.go:401.107,412.2 2 10
github.com/bradtumy/credential-service/internal/httpx/health_handlers.go:18.91,19.74 1 3
github.com/bradtumy/credential-service/internal/httpx/health_handlers.go:19.74,21.3 1 1
github.com/bradtumy/credential-service/internal/httpx/health_handlers.go:23.2,23.73 1 3
github.com/bradtumy/credential-service/internal/httpx/health_handlers.go:23.73,24.28 1 3
github.com/bradtumy/credential-service/internal/httpx/health_handlers.go:24.28,25.54 1 2
github.com/bradtumy/credential-service/internal/httpx/health_handlers.go:25.54,28.5 2 1
github.com/bradtumy/credential-service/internal/httpx/health_handlers.go:31.3,31.19 1 2
github.com/bradtumy/credential-service/internal/httpx/health_handlers.go:35.43,38.2 2 3
github.com/bradtumy/credential-service/internal/httpx/issuer_handlers.go:44.128,46.83 1 5
github.com/bradtumy/credential-service/internal/httpx/issuer_handlers.go:46.83,47.34 1 0
github.com/bradtumy/credential-service/internal/httpx/issuer_handlers.go:47.34,50.4 2 0
github.com/bradtumy/credential-service/internal/httpx/issuer_handlers.go:51.3,51.28 1 0
github.com/bradtumy/credential-service/internal/httpx/issuer_handlers.go:54.2,54.87 1 5
github.com/bradtumy/credential-service/internal/httpx/issuer_handlers.go:54.87,55.34 1 2
github.com/bradtumy/credential-service/internal/httpx/issuer_handlers.go:55.34,58.4 2 0
github.com/bradtumy/credential-service/internal/httpx/issuer_handlers.go:60.3,61.62 2 2
github.com/bradtumy/credential-service/internal/httpx/issuer_handlers.go:61.62,64.4 2 0
github.com/bradtumy/credential-service/internal/httpx/issuer_handlers.go:67.3,67.60 1 2
github.com/bradtumy/credential-service/internal/httpx/issuer_handlers.go:67.60,70.4 2 1
github.com/bradtumy/credential-service/internal/httpx/issuer_handlers.go:73.3,74.15 2 1
github.com/bradtumy/credential-service/internal/httpx/issuer_handlers.go:74.15,77.4 2 0
github.com/bradtumy/credential-service/internal/httpx/issuer_handlers.go:78.3,79.35 2 1
github.com/bradtumy/credential-service/internal/httpx/issuer_handlers.go:79.35,81.28 2 0
github.com/bradtumy/credential-service/internal/httpx/issuer_handlers.go:81.28,83.5 1 0
github.com/bradtumy/credential-service/internal/httpx/issuer_handlers.go:85.3,85.19 1 1
github.com/bradtumy/credential-service/internal/httpx/issuer_handlers.go:85.19,88.4 2 0
github.com/bradtumy/credential-service/internal/httpx/issuer_handlers.go:91.3,91.24 1 1
github.com/bradtumy/credential-service/internal/httpx/issuer_handlers.go:91.24,92.71 1 1
github.com/bradtumy/credential-service/internal/httpx/issuer_handlers.go:92.71,95.5 2 0
github.com/bradtumy/credential-service/internal/httpx/issuer_handlers.go:96.9,98.4 1 0
github.com/bradtumy/credential-service/internal/httpx/issuer_handlers.go:99.3,99.80 1 1
github.com/bradtumy/credential-service/internal/httpx/issuer_handlers.go:99.80,102.4 2 0
github.com/bradtumy/credential-service/internal/httpx/issuer_handlers.go:104.3,105.19 2 1
github.com/bradtumy/credential-service/internal/httpx/issuer_handlers.go:105.19,107.4 1 1
github.com/bradtumy/credential-service/internal/httpx/issuer_handlers.go:109.3,110.21 2 1
github.com/bradtumy/credential-service/internal/httpx/issuer_handlers.go:110.21,112.4 1 1
github.com/bradtumy/credential-service/internal/httpx/issuer_handlers.go:114.3,115.17 2 1
github.com/bradtumy/credential-service/internal/httpx/issuer_handlers.go:115.17,118.4 2 0
github.com/bradtumy/credential-service/internal/httpx/issuer_handlers.go:120.3,121.17 2 1
github.com/bradtumy/credential-service/internal/httpx/issuer_handlers.go:121.17,124.4 2 0
github.com/bradtumy/credential-service/internal/httpx/issuer_handlers.go:126.3,131.25 2 1
github.com/bradtumy/credential-service/internal/httpx/issuer_handlers.go:131.25,133.18 2 0
github.com/bradtumy/credential-service/internal/httpx/issuer_handlers.go:133.18,137.5 3 0
github.com/bradtumy/credential-service/internal/httpx/issuer_handlers.go:138.4,139.35 2 0
github.com/bradtumy/credential-service/internal/httpx/issuer_handlers.go:140.9,142.18 2 1
github.com/bradtumy/credential-service/internal/httpx/issuer_handlers.go:142.18,147.39 3 0
github.com/bradtumy/credential-service/internal/httpx/issuer_handlers.go:147.39,149.6 1 0
github.com/bradtumy/credential-service/internal/httpx/issuer_handlers.go:149.11,151.6 1 0
github.com/bradtumy/credential-service/internal/httpx/issuer_handlers.go:152.5,152.11 1 0
github.com/bradtumy/credential-service/internal/httpx/issuer_handlers.go:154.4,154.23 1 1
github.com/bradtumy/credential-service/internal/httpx/issuer_handlers.go:157.3,170.24 3 1
github.com/bradtumy/credential-service/internal/httpx/issuer_handlers.go:170.24,172.4 1 0
github.com/bradtumy/credential-service/internal/httpx/issuer_handlers.go:173.3,176.140 3 1
github.com/bradtumy/credential-service/internal/httpx/issuer_handlers.go:179.2,179.90 1 5
github.com/bradtumy/credential-service/internal/httpx/issuer_handlers.go:179.90,180.34 1 3
github.com/bradtumy/credential-service/internal/httpx/issuer_handlers.go:180.34,183.4 2 0
github.com/bradtumy/credential-service/internal/httpx/issuer_handlers.go:185.3,186.62 2 3
github.com/bradtumy/credential-service/internal/httpx/issuer_handlers.go:186.62,189.4 2 0
github.com/bradtumy/credential-service/internal/httpx/issuer_handlers.go:192.3,192.33 1 3
github.com/bradtumy/credential-service/internal/httpx/issuer_handlers.go:192.33,195.4 2 0
github.com/bradtumy/credential-service/internal/httpx/issuer_handlers.go:198.3,198.61 1 3
github.com/bradtumy/credential-service/internal/httpx/issuer_handlers.go:198.61,201.4 2 0
github.com/bradtumy/credential-service/internal/httpx/issuer_handlers.go:204.3,204.26 1 3
github.com/bradtumy/credential-service/internal/httpx/issuer_handlers.go:204.26,207.4 2 0
github.com/bradtumy/credential-service/internal/httpx/issuer_handlers.go:210.3,211.15 2 3
github.com/bradtumy/credential-service/internal/httpx/issuer_handlers.go:211.15,214.4 2 0
github.com/bradtumy/credential-service/internal/httpx/issuer_handlers.go:216.3,217.21 2 3
github.com/bradtumy/credential-service/internal/httpx/issuer_handlers.go:217.21,219.4 1 3
github.com/bradtumy/credential-service/internal/httpx/issuer_handlers.go:221.3,222.17 2 3
github.com/bradtumy/credential-service/internal/httpx/issuer_handlers.go:222.17,225.4 2 0
github.com/bradtumy/credential-service/internal/httpx/issuer_handlers.go:227.3,228.17 2 3
github.com/bradtumy/credential-service/internal/httpx/issuer_handlers.go:228.17,231.4 2 0
github.com/bradtumy/credential-service/internal/httpx/issuer_handlers.go:233.3,233.109 1 3
github.com/bradtumy/credential-service/internal/httpx/issuer_handlers.go:233.109,234.27 1 3
github.com/bradtumy/credential-service/internal/httpx/issuer_handlers.go:234.27,236.5 1 0
github.com/bradtumy/credential-service/internal/httpx/issuer_handlers.go:237.4,237.31 1 3
github.com/bradtumy/credential-service/internal/httpx/issuer_handlers.go:240.3,242.17 3 3
github.com/bradtumy/credential-service/internal/httpx/issuer_handlers.go:242.17,244.11 2 0
github.com/bradtumy/credential-service/internal/httpx/issuer_handlers.go:245.51,246.34 1 0
github.com/bradtumy/credential-service/internal/httpx/issuer_handlers.go:247.97,248.37 1 0
github.com/bradtumy/credential-service/internal/httpx/issuer_handlers.go:250.4,251.10 2 0
github.com/bradtumy/credential-service/internal/httpx/issuer_handlers.go:254.3,256.52 3 3
github.com/bradtumy/credential-service/internal/httpx/issuer_handlers.go:256.52,259.4 2 1
github.com/bradtumy/credential-service/internal/httpx/issuer_handlers.go:261.3,262.65 2 2
github.com/bradtumy/credential-service/internal/httpx/issuer_handlers.go:262.65,265.4 2 1
github.com/bradtumy/credential-service/internal/httpx/issuer_handlers.go:267.3,271.46 2 1
github.com/bradtumy/credential-service/internal/httpx/issuer_handlers.go:271.46,273.4 1 0
github.com/bradtumy/credential-service/internal/httpx/issuer_handlers.go:275.3,275.76 1 1
github.com/bradtumy/credential-service/internal/httpx/issuer_handlers.go:275.76,278.4 2 0
github.com/bradtumy/credential-service/internal/httpx/issuer_handlers.go:280.3,281.17 2 1
github.com/bradtumy/credential-service/internal/httpx/issuer_handlers.go:281.17,296.4 3 0
github.com/bradtumy/credential-service/internal/httpx/issuer_handlers.go:299.3,312.24 3 1
github.com/bradtumy/credential-service/internal/httpx/issuer_handlers.go:312.24,314.4 1 0
github.com/bradtumy/credential-service/internal/httpx/issuer_handlers.go:315.3,318.98 3 1
github.com/bradtumy/credential-service/internal/httpx/issuer_handlers.go:322.56,324.24 2 1
github.com/bradtumy/credential-service/internal/httpx/issuer_handlers.go:324.24,326.3 1 1
github.com/bradtumy/credential-service/internal/httpx/issuer_handlers.go:327.2,328.13 2 1
github.com/bradtumy/credential-service/internal/httpx/keygen_handlers.go:34.66,37.61 2 0
github.com/bradtumy/credential-service/internal/httpx/keygen_handlers.go:37.61,41.3 3 0
github.com/bradtumy/credential-service/internal/httpx/keygen_handlers.go:44.2,44.25 1 0
github.com/bradtumy/credential-service/internal/httpx/keygen_handlers.go:44.25,46.3 1 0
github.com/bradtumy/credential-service/internal/httpx/keygen_handlers.go:49.2,49.58 1 0
github.com/bradtumy/credential-service/internal/httpx/keygen_handlers.go:49.58,53.3 3 0
github.com/bradtumy/credential-service/internal/httpx/keygen_handlers.go:56.2,57.16 2 0
github.com/bradtumy/credential-service/internal/httpx/keygen_handlers.go:57.16,61.3 3 0
github.com/bradtumy/credential-service/internal/httpx/keygen_handlers.go:64.2,71.26 2 0
github.com/bradtumy/credential-service/internal/httpx/keygen_handlers.go:71.26,74.3 2 0
github.com/bradtumy/credential-service/internal/httpx/keygen_handlers.go:76.2,83.56 4 0
github.com/bradtumy/credential-service/internal/httpx/keygen_handlers.go:83.56,85.3 1 0
github.com/bradtumy/credential-service/internal/httpx/middleware.go:20.62,21.71 1 7
github.com/bradtumy/credential-service/internal/httpx/middleware.go:21.71,23.26 2 11
github.com/bradtumy/credential-service/internal/httpx/middleware.go:23.26,26.27 2 10
github.com/bradtumy/credential-service/internal/httpx/middleware.go:26.27,28.5 1 8
github.com/bradtumy/credential-service/internal/httpx/middleware.go:32.3,40.21 5 11
github.com/bradtumy/credential-service/internal/httpx/middleware.go:40.21,42.4 1 1
github.com/bradtumy/credential-service/internal/httpx/middleware.go:44.3,44.40 1 11
github.com/bradtumy/credential-service/internal/httpx/middleware.go:50.53,52.2 1 2
github.com/bradtumy/credential-service/internal/httpx/middleware.go:56.55,58.51 1 3
github.com/bradtumy/credential-service/internal/httpx/middleware.go:58.51,60.3 1 2
github.com/bradtumy/credential-service/internal/httpx/middleware.go:62.2,62.44 1 1
github.com/bradtumy/credential-service/internal/httpx/middleware.go:62.44,63.31 1 1
github.com/bradtumy/credential-service/internal/httpx/middleware.go:63.31,65.4 1 1
github.com/bradtumy/credential-service/internal/httpx/middleware.go:67.2,67.11 1 0
github.com/bradtumy/credential-service/internal/httpx/middleware.go:72.54,74.46 1 30
github.com/bradtumy/credential-service/internal/httpx/middleware.go:74.46,76.3 1 1
github.com/bradtumy/credential-service/internal/httpx/middleware.go:78.2,78.43 1 29
github.com/bradtumy/credential-service/internal/httpx/middleware.go:78.43,79.31 1 2
github.com/bradtumy/credential-service/internal/httpx/middleware.go:79.31,81.4 1 2
github.com/bradtumy/credential-service/internal/httpx/middleware.go:83.2,83.11 1 27
github.com/bradtumy/credential-service/internal/httpx/middleware.go:93.49,96.2 2 7
github.com/bradtumy/credential-service/internal/httpx/middleware.go:98.59,102.2 3 3
github.com/bradtumy/credential-service/internal/httpx/middleware.go:111.54,114.2 2 1
github.com/bradtumy/credential-service/internal/httpx/middleware.go:117.54,118.71 1 2
github.com/bradtumy/credential-service/internal/httpx/middleware.go:118.71,147.38 11 4
github.com/bradtumy/credential-service/internal/httpx/middleware.go:147.38,149.4 1 0
github.com/bradtumy/credential-service/internal/httpx/middleware.go:152.3,152.38 1 4
github.com/bradtumy/credential-service/internal/httpx/middleware.go:152.38,167.4 1 2
github.com/bradtumy/credential-service/internal/httpx/middleware.go:170.3,177.4 1 4
github.com/bradtumy/credential-service/internal/httpx/middleware.go:183.56,184.71 1 1
github.com/bradtumy/credential-service/internal/httpx/middleware.go:184.71,199.3 5 1
github.com/bradtumy/credential-service/internal/httpx/middleware.go:203.64,204.71 1 2
github.com/bradtumy/credential-service/internal/httpx/middleware.go:204.71,214.3 7 2
github.com/bradtumy/credential-service/internal/httpx/middleware.go:218.63,219.71 1 3
github.com/bradtumy/credential-service/internal/httpx/middleware.go:219.71,224.61 3 3
github.com/bradtumy/credential-service/internal/httpx/middleware.go:224.61,237.4 2 1
github.com/bradtumy/credential-service/internal/httpx/middleware.go:242.42,244.55 1 9
github.com/bradtumy/credential-service/internal/httpx/middleware.go:244.55,246.51 1 1
github.com/bradtumy/credential-service/internal/httpx/middleware.go:246.51,248.4 1 1
github.com/bradtumy/credential-service/internal/httpx/middleware.go:252.2,252.49 1 8
github.com/bradtumy/credential-service/internal/httpx/middleware.go:252.49,254.3 1 1
github.com/bradtumy/credential-service/internal/httpx/middleware.go:257.2,257.34 1 7
github.com/bradtumy/credential-service/internal/httpx/middleware.go:257.34,259.61 1 7
github.com/bradtumy/credential-service/internal/httpx/middleware.go:259.61,261.4 1 7
github.com/bradtumy/credential-service/internal/httpx/middleware.go:262.3,262.12 1 0
github.com/bradtumy/credential-service/internal/httpx/middleware.go:265.2,265.18 1 0
github.com/bradtumy/credential-service/internal/httpx/middleware.go:269.46,271.61 1 14
github.com/bradtumy/credential-service/internal/httpx/middleware.go:271.61,273.3 1 2
github.com/bradtumy/credential-service/internal/httpx/middleware.go:276.2,277.33 2 12
github.com/bradtumy/credential-service/internal/httpx/middleware.go:277.33,278.48 1 13
github.com/bradtumy/credential-service/internal/httpx/middleware.go:278.48,280.4 1 1
github.com/bradtumy/credential-service/internal/httpx/middleware.go:283.2,283.11 1 11
github.com/bradtumy/credential-service/internal/httpx/middleware.go:287.44,302.44 2 15
github.com/bradtumy/credential-service/internal/httpx/middleware.go:302.44,303.38 1 101
github.com/bradtumy/credential-service/internal/httpx/middleware.go:303.38,305.4 1 10
github.com/bradtumy/credential-service/internal/httpx/middleware.go:307.2,307.14 1 5
github.com/bradtumy/credential-service/internal/httpx/middleware.go:311.102,312.49 1 1
github.com/bradtumy/credential-service/internal/httpx/middleware.go:312.49,313.46 1 1
github.com/bradtumy/credential-service/internal/httpx/middleware.go:313.46,315.4 1 4
github.com/bradtumy/credential-service/internal/httpx/middleware.go:316.3,316.17 1 1
github.com/bradtumy/credential-service/internal/httpx/middleware.go:321.64,328.2 1 1
github.com/bradtumy/credential-service/internal/httpx/middleware_tenant.go:11.81,12.71 1 3
github.com/bradtumy/credential-service/internal/httpx/middleware_tenant.go:12.71,14.17 2 3
github.com/bradtumy/credential-service/internal/httpx/middleware_tenant.go:14.17,17.15 3 2
github.com/bradtumy/credential-service/internal/httpx/middleware_tenant.go:18.34,20.30 2 0
github.com/bradtumy/credential-service/internal/httpx/middleware_tenant.go:21.34,22.29 1 1
github.com/bradtumy/credential-service/internal/httpx/middleware_tenant.go:23.12,25.43 2 1
github.com/bradtumy/credential-service/internal/httpx/middleware_tenant.go:25.43,27.6 1 0
github.com/bradtumy/credential-service/internal/httpx/middleware_tenant.go:27.11,29.6 1 1
github.com/bradtumy/credential-service/internal/httpx/middleware_tenant.go:31.4,32.10 2 2
github.com/bradtumy/credential-service/internal/httpx/middleware_tenant.go:35.3,37.40 3 1
github.com/bradtumy/credential-service/internal/httpx/policy_admin_handlers.go:36.96,37.84 1 2
github.com/bradtumy/credential-service/internal/httpx/policy_admin_handlers.go:37.84,38.41 1 3
github.com/bradtumy/credential-service/internal/httpx/policy_admin_handlers.go:38.41,41.4 2 0
github.com/bradtumy/credential-service/internal/httpx/policy_admin_handlers.go:43.3,43.19 1 3
github.com/bradtumy/credential-service/internal/httpx/policy_admin_handlers.go:44.24,45.52 1 2
github.com/bradtumy/credential-service/internal/httpx/policy_admin_handlers.go:46.23,47.52 1 1
github.com/bradtumy/credential-service/internal/httpx/policy_admin_handlers.go:48.11,49.93 1 0
github.com/bradtumy/credential-service/internal/httpx/policy_admin_handlers.go:53.2,53.85 1 2
github.com/bradtumy/credential-service/internal/httpx/policy_admin_handlers.go:53.85,55.18 2 3
github.com/bradtumy/credential-service/internal/httpx/policy_admin_handlers.go:55.18,58.4 2 0
github.com/bradtumy/credential-service/internal/httpx/policy_admin_handlers.go:59.3,60.28 2 3
github.com/bradtumy/credential-service/internal/httpx/policy_admin_handlers.go:60.28,63.4 2 0
github.com/bradtumy/credential-service/internal/httpx/policy_admin_handlers.go:65.3,65.19 1 3
github.com/bradtumy/credential-service/internal/httpx/policy_admin_handlers.go:66.23,67.53 1 1
github.com/bradtumy/credential-service/internal/httpx/policy_admin_handlers.go:68.23,69.56 1 1
github.com/bradtumy/credential-service/internal/httpx/policy_admin_handlers.go:70.26,71.56 1 1
github.com/bradtumy/credential-service/internal/httpx/policy_admin_handlers.go:72.11,73.93 1 0
github.com/bradtumy/credential-service/internal/httpx/policy_admin_handlers.go:78.109,80.61 2 2
github.com/bradtumy/credential-service/internal/httpx/policy_admin_handlers.go:80.61,83.3 2 0
github.com/bradtumy/credential-service/internal/httpx/policy_admin_handlers.go:85.2,86.16 2 2
github.com/bradtumy/credential-service/internal/httpx/policy_admin_handlers.go:86.16,89.3 2 1
github.com/bradtumy/credential-service/internal/httpx/policy_admin_handlers.go:91.2,91.60 1 1
github.com/bradtumy/credential-service/internal/httpx/policy_admin_handlers.go:91.60,94.3 2 0
github.com/bradtumy/credential-service/internal/httpx/policy_admin_handlers.go:96.2,96.27 1 1
github.com/bradtumy/credential-service/internal/httpx/policy_admin_handlers.go:99.109,101.20 2 1
github.com/bradtumy/credential-service/internal/httpx/policy_admin_handlers.go:101.20,103.3 1 1
github.com/bradtumy/credential-service/internal/httpx/policy_admin_handlers.go:105.2,106.16 2 1
github.com/bradtumy/credential-service/internal/httpx/policy_admin_handlers.go:106.16,109.3 2 0
github.com/bradtumy/credential-service/internal/httpx/policy_admin_handlers.go:111.2,112.101 2 1
github.com/bradtumy/credential-service/internal/httpx/policy_admin_handlers.go:115.116,117.20 2 1
github.com/bradtumy/credential-service/internal/httpx/policy_admin_handlers.go:117.20,119.3 1 1
github.com/bradtumy/credential-service/internal/httpx/policy_admin_handlers.go:121.2,122.16 2 1
github.com/bradtumy/credential-service/internal/httpx/policy_admin_handlers.go:122.16,124.38 2 0
github.com/bradtumy/credential-service/internal/httpx/policy_admin_handlers.go:124.38,128.4 3 0
github.com/bradtumy/credential-service/internal/httpx/policy_admin_handlers.go:129.3,130.9 2 0
github.com/bradtumy/credential-service/internal/httpx/policy_admin_handlers.go:133.2,133.27 1 1
github.com/bradtumy/credential-service/internal/httpx/policy_admin_handlers.go:136.119,138.61 2 1
github.com/bradtumy/credential-service/internal/httpx/policy_admin_handlers.go:138.61,141.3 2 0
github.com/bradtumy/credential-service/internal/httpx/policy_admin_handlers.go:143.2,144.16 2 1
github.com/bradtumy/credential-service/internal/httpx/policy_admin_handlers.go:144.16,147.3 2 0
github.com/bradtumy/credential-service/internal/httpx/policy_admin_handlers.go:148.2,150.60 2 1
github.com/bradtumy/credential-service/internal/httpx/policy_admin_handlers.go:150.60,152.38 2 0
github.com/bradtumy/credential-service/internal/httpx/policy_admin_handlers.go:152.38,156.4 3 0
github.com/bradtumy/credential-service/internal/httpx/policy_admin_handlers.go:157.3,158.9 2 0
github.com/bradtumy/credential-service/internal/httpx/policy_admin_handlers.go:161.2,161.27 1 1
github.com/bradtumy/credential-service/internal/httpx/policy_admin_handlers.go:164.119,166.20 2 1
github.com/bradtumy/credential-service/internal/httpx/policy_admin_handlers.go:166.20,168.3 1 1
github.com/bradtumy/credential-service/internal/httpx/policy_admin_handlers.go:170.2,170.70 1 1
github.com/bradtumy/credential-service/internal/httpx/policy_admin_handlers.go:170.70,172.38 2 0
github.com/bradtumy/credential-service/internal/httpx/policy_admin_handlers.go:172.38,176.4 3 0
github.com/bradtumy/credential-service/internal/httpx/policy_admin_handlers.go:177.3,178.9 2 0
github.com/bradtumy/credential-service/internal/httpx/policy_admin_handlers.go:181.2,181.37 1 1
github.com/bradtumy/credential-service/internal/httpx/policy_admin_handlers.go:184.103,185.20 1 3
github.com/bradtumy/credential-service/internal/httpx/policy_admin_handlers.go:185.20,187.3 1 3
github.com/bradtumy/credential-service/internal/httpx/policy_admin_handlers.go:188.2,188.20 1 3
github.com/bradtumy/credential-service/internal/httpx/policy_admin_handlers.go:188.20,190.3 1 1
github.com/bradtumy/credential-service/internal/httpx/policy_admin_handlers.go:191.2,192.75 2 2
github.com/bradtumy/credential-service/internal/httpx/policy_admin_handlers.go:192.75,194.3 1 0
github.com/bradtumy/credential-service/internal/httpx/policy_admin_handlers.go:195.2,195.80 1 2
github.com/bradtumy/credential-service/internal/httpx/policy_admin_handlers.go:195.80,197.3 1 0
github.com/bradtumy/credential-service/internal/httpx/policy_admin_handlers.go:199.2,200.25 2 2
github.com/bradtumy/credential-service/internal/httpx/policy_admin_handlers.go:200.25,202.3 1 0
github.com/bradtumy/credential-service/internal/httpx/policy_admin_handlers.go:203.2,204.24 2 2
github.com/bradtumy/credential-service/internal/httpx/policy_admin_handlers.go:204.24,206.3 1 0
github.com/bradtumy/credential-service/internal/httpx/policy_admin_handlers.go:208.2,219.8 1 2
github.com/bradtumy/credential-service/internal/httpx/policy_admin_handlers.go:222.66,225.2 2 3
github.com/bradtumy/credential-service/internal/httpx/policy_admin_handlers.go:227.33,229.2 1 1
github.com/bradtumy/credential-service/internal/httpx/policy_admin_handlers.go:235.38,235.54 1 1
github.com/bradtumy/credential-service/internal/httpx/trust_handlers.go:25.114,27.83 1 0
github.com/bradtumy/credential-service/internal/httpx/trust_handlers.go:27.83,28.34 1 0
github.com/bradtumy/credential-service/internal/httpx/trust_handlers.go:28.34,31.4 2 0
github.com/bradtumy/credential-service/internal/httpx/trust_handlers.go:33.3,34.62 2 0
github.com/bradtumy/credential-service/internal/httpx/trust_handlers.go:34.62,37.4 2 0
github.com/bradtumy/credential-service/internal/httpx/trust_handlers.go:39.3,39.26 1 0
github.com/bradtumy/credential-service/internal/httpx/trust_handlers.go:39.26,42.4 2 0
github.com/bradtumy/credential-service/internal/httpx/trust_handlers.go:45.3,45.101 1 0
github.com/bradtumy/credential-service/internal/httpx/trust_handlers.go:45.101,49.4 3 0
github.com/bradtumy/credential-service/internal/httpx/trust_handlers.go:51.3,61.38 5 0
github.com/bradtumy/credential-service/internal/httpx/trust_handlers.go:65.2,65.88 1 0
github.com/bradtumy/credential-service/internal/httpx/trust_handlers.go:65.88,66.33 1 0
github.com/bradtumy/credential-service/internal/httpx/trust_handlers.go:66.33,69.4 2 0
github.com/bradtumy/credential-service/internal/httpx/trust_handlers.go:73.3,76.5 2 0
github.com/bradtumy/credential-service/internal/httpx/verifier_handlers.go:39.216,40.16 1 4
github.com/bradtumy/credential-service/internal/httpx/verifier_handlers.go:40.16,42.3 1 0
github.com/bradtumy/credential-service/internal/httpx/verifier_handlers.go:44.2,44.28 1 4
github.com/bradtumy/credential-service/internal/httpx/verifier_handlers.go:44.28,46.3 1 4
github.com/bradtumy/credential-service/internal/httpx/verifier_handlers.go:48.2,48.88 1 4
github.com/bradtumy/credential-service/internal/httpx/verifier_handlers.go:48.88,49.34 1 4
github.com/bradtumy/credential-service/internal/httpx/verifier_handlers.go:49.34,52.4 2 0
github.com/bradtumy/credential-service/internal/httpx/verifier_handlers.go:54.3,55.62 2 4
github.com/bradtumy/credential-service/internal/httpx/verifier_handlers.go:55.62,58.4 2 0
github.com/bradtumy/credential-service/internal/httpx/verifier_handlers.go:60.3,61.47 2 4
github.com/bradtumy/credential-service/internal/httpx/verifier_handlers.go:61.47,63.4 1 3
github.com/bradtumy/credential-service/internal/httpx/verifier_handlers.go:65.3,65.57 1 4
github.com/bradtumy/credential-service/internal/httpx/verifier_handlers.go:65.57,66.28 1 0
github.com/bradtumy/credential-service/internal/httpx/verifier_handlers.go:66.28,69.5 2 0
github.com/bradtumy/credential-service/internal/httpx/verifier_handlers.go:70.4,71.32 2 0
github.com/bradtumy/credential-service/internal/httpx/verifier_handlers.go:71.32,73.5 1 0
github.com/bradtumy/credential-service/internal/httpx/verifier_handlers.go:74.4,74.31 1 0
github.com/bradtumy/credential-service/internal/httpx/verifier_handlers.go:77.3,77.23 1 4
github.com/bradtumy/credential-service/internal/httpx/verifier_handlers.go:77.23,80.4 2 0
github.com/bradtumy/credential-service/internal/httpx/verifier_handlers.go:82.3,83.21 2 4
github.com/bradtumy/credential-service/internal/httpx/verifier_handlers.go:83.21,85.4 1 4
github.com/bradtumy/credential-service/internal/httpx/verifier_handlers.go:87.3,87.109 1 4
github.com/bradtumy/credential-service/internal/httpx/verifier_handlers.go:87.109,88.23 1 5
github.com/bradtumy/credential-service/internal/httpx/verifier_handlers.go:88.23,90.19 2 5
github.com/bradtumy/credential-service/internal/httpx/verifier_handlers.go:90.19,92.6 1 0
github.com/bradtumy/credential-service/internal/httpx/verifier_handlers.go:93.5,93.17 1 5
github.com/bradtumy/credential-service/internal/httpx/verifier_handlers.go:93.17,95.6 1 1
github.com/bradtumy/credential-service/internal/httpx/verifier_handlers.go:97.4,97.23 1 4
github.com/bradtumy/credential-service/internal/httpx/verifier_handlers.go:97.23,99.5 1 0
github.com/bradtumy/credential-service/internal/httpx/verifier_handlers.go:100.4,100.27 1 4
github.com/bradtumy/credential-service/internal/httpx/verifier_handlers.go:103.3,104.17 2 4
github.com/bradtumy/credential-service/internal/httpx/verifier_handlers.go:104.17,106.11 2 2
github.com/bradtumy/credential-service/internal/httpx/verifier_handlers.go:107.51,109.64 2 1
github.com/bradtumy/credential-service/internal/httpx/verifier_handlers.go:110.185,112.67 2 1
github.com/bradtumy/credential-service/internal/httpx/verifier_handlers.go:113.98,115.65 2 0
github.com/bradtumy/credential-service/internal/httpx/verifier_handlers.go:116.12,117.65 1 0
github.com/bradtumy/credential-service/internal/httpx/verifier_handlers.go:121.4,121.23 1 2
github.com/bradtumy/credential-service/internal/httpx/verifier_handlers.go:121.23,132.5 1 2
github.com/bradtumy/credential-service/internal/httpx/verifier_handlers.go:134.4,135.10 2 2
github.com/bradtumy/credential-service/internal/httpx/verifier_handlers.go:138.3,140.38 3 2
github.com/bradtumy/credential-service/internal/httpx/verifier_handlers.go:140.38,142.4 1 1
github.com/bradtumy/credential-service/internal/httpx/verifier_handlers.go:145.3,170.5 4 2
github.com/bradtumy/credential-service/internal/trust/tenant_registry.go:25.58,27.2 1 0
github.com/bradtumy/credential-service/internal/trust/tenant_registry.go:30.105,35.20 4 0
github.com/bradtumy/credential-service/internal/trust/tenant_registry.go:35.20,37.3 1 0
github.com/bradtumy/credential-service/internal/trust/tenant_registry.go:38.2,39.16 2 0
github.com/bradtumy/credential-service/internal/trust/tenant_registry.go:43.123,47.32 3 0
github.com/bradtumy/credential-service/internal/trust/tenant_registry.go:47.32,49.3 1 0
github.com/bradtumy/credential-service/internal/trust/tenant_registry.go:50.2,51.12 2 0
github.com/bradtumy/credential-service/internal/trust/tenant_registry.go:55.107,61.26 5 0
github.com/bradtumy/credential-service/internal/trust/tenant_registry.go:61.26,63.3 1 0
github.com/bradtumy/credential-service/internal/trust/tenant_registry.go:64.2,64.17 1 0
github.com/bradtumy/credential-service/internal/trust/tenant_registry.go:73.66,75.2 1 0
github.com/bradtumy/credential-service/internal/trust/tenant_registry.go:78.113,81.92 3 0
github.com/bradtumy/credential-service/internal/trust/tenant_registry.go:81.92,82.36 1 0
github.com/bradtumy/credential-service/internal/trust/tenant_registry.go:82.36,84.4 1 0
github.com/bradtumy/credential-service/internal/trust/tenant_registry.go:85.3,85.20 1 0
github.com/bradtumy/credential-service/internal/trust/tenant_registry.go:87.2,87.18 1 0
github.com/bradtumy/credential-service/internal/trust/tenant_registry.go:91.124,95.16 3 0
github.com/bradtumy/credential-service/internal/trust/tenant_registry.go:95.16,97.3 1 0
github.com/bradtumy/credential-service/internal/trust/tenant_registry.go:98.2,99.12 2 0
github.com/bradtumy/credential-service/internal/trust/tenant_registry.go:103.108,106.16 3 0
github.com/bradtumy/credential-service/internal/trust/tenant_registry.go:106.16,108.3 1 0
github.com/bradtumy/credential-service/internal/trust/tenant_registry.go:109.2,112.18 3 0
github.com/bradtumy/credential-service/internal/trust/tenant_registry.go:112.18,114.41 2 0
github.com/bradtumy/credential-service/internal/trust/tenant_registry.go:114.41,116.4 1 0
github.com/bradtumy/credential-service/internal/trust/tenant_registry.go:117.3,117.33 1 0
github.com/bradtumy/credential-service/internal/trust/tenant_registry.go:119.2,119.28 1 0
github.com/bradtumy/credential-service/cmd/issuer/main.go:21.13,26.27 4 0
github.com/bradtumy/credential-service/cmd/issuer/main.go:26.27,28.17 2 0
github.com/bradtumy/credential-service/cmd/issuer/main.go:28.17,30.4 1 0
github.com/bradtumy/credential-service/cmd/issuer/main.go:31.3,32.43 2 0
github.com/bradtumy/credential-service/cmd/issuer/main.go:36.2,37.52 2 0
github.com/bradtumy/credential-service/cmd/issuer/main.go:37.52,39.17 2 0
github.com/bradtumy/credential-service/cmd/issuer/main.go:39.17,41.4 1 0
github.com/bradtumy/credential-service/cmd/issuer/main.go:42.3,43.89 2 0
github.com/bradtumy/credential-service/cmd/issuer/main.go:44.8,47.3 2 0
github.com/bradtumy/credential-service/cmd/issuer/main.go:49.2,63.71 10 0
github.com/bradtumy/credential-service/cmd/issuer/main.go:63.71,65.3 1 0
github.com/bradtumy/credential-service/cmd/keygen/main.go:11.13,19.11 6 0
github.com/bradtumy/credential-service/cmd/keygen/main.go:19.11,22.3 2 0
github.com/bradtumy/credential-service/cmd/keygen/main.go:25.2,25.52 1 0
github.com/bradtumy/credential-service/cmd/keygen/main.go:25.52,28.3 2 0
github.com/bradtumy/credential-service/cmd/keygen/main.go:31.2,32.16 2 0
github.com/bradtumy/credential-service/cmd/keygen/main.go:32.16,35.3 2 0
github.com/bradtumy/credential-service/cmd/keygen/main.go:38.2,43.15 4 0
github.com/bradtumy/credential-service/cmd/keygen/main.go:43.15,44.20 1 0
github.com/bradtumy/credential-service/cmd/keygen/main.go:44.20,47.18 2 0
github.com/bradtumy/credential-service/cmd/keygen/main.go:47.18,50.5 2 0
github.com/bradtumy/credential-service/cmd/keygen/main.go:51.4,52.91 2 0
github.com/bradtumy/credential-service/cmd/keygen/main.go:53.9,57.4 2 0
github.com/bradtumy/credential-service/cmd/keygen/main.go:60.2,61.52 2 0
github.com/bradtumy/credential-service/cmd/keygen/main.go:64.19,97.2 32 0
github.com/bradtumy/credential-service/internal/keystore/keystore.go:23.42,27.2 1 12
github.com/bradtumy/credential-service/internal/keystore/keystore.go:30.80,31.20 1 7
github.com/bradtumy/credential-service/internal/keystore/keystore.go:31.20,33.3 1 0
github.com/bradtumy/credential-service/internal/keystore/keystore.go:35.2,38.40 3 7
github.com/bradtumy/credential-service/internal/keystore/keystore.go:38.40,40.3 1 1
github.com/bradtumy/credential-service/internal/keystore/keystore.go:44.2,45.16 2 6
github.com/bradtumy/credential-service/internal/keystore/keystore.go:45.16,47.3 1 0
github.com/bradtumy/credential-service/internal/keystore/keystore.go:55.2,56.18 2 6
github.com/bradtumy/credential-service/internal/keystore/production.go:40.82,42.28 2 9
github.com/bradtumy/credential-service/internal/keystore/production.go:42.28,44.3 1 2
github.com/bradtumy/credential-service/internal/keystore/production.go:46.2,47.24 2 9
github.com/bradtumy/credential-service/internal/keystore/production.go:47.24,49.3 1 5
github.com/bradtumy/credential-service/internal/keystore/production.go:51.2,59.48 2 9
github.com/bradtumy/credential-service/internal/keystore/production.go:59.48,61.31 2 1
github.com/bradtumy/credential-service/internal/keystore/production.go:61.31,64.4 2 1
github.com/bradtumy/credential-service/internal/keystore/production.go:67.2,67.19 1 9
github.com/bradtumy/credential-service/internal/keystore/production.go:71.66,77.62 2 2
github.com/bradtumy/credential-service/internal/keystore/production.go:77.62,79.3 1 1
github.com/bradtumy/credential-service/internal/keystore/production.go:81.2,81.38 1 2
github.com/bradtumy/credential-service/internal/keystore/production.go:85.84,86.20 1 6
github.com/bradtumy/credential-service/internal/keystore/production.go:86.20,88.3 1 1
github.com/bradtumy/credential-service/internal/keystore/production.go:91.2,92.49 2 5
github.com/bradtumy/credential-service/internal/keystore/production.go:92.49,94.3 1 1
github.com/bradtumy/credential-service/internal/keystore/production.go:97.2,98.16 2 4
github.com/bradtumy/credential-service/internal/keystore/production.go:98.16,100.3 1 0
github.com/bradtumy/credential-service/internal/keystore/production.go:103.2,105.20 2 4
github.com/bradtumy/credential-service/internal/keystore/production.go:108.84,111.19 2 4
github.com/bradtumy/credential-service/internal/keystore/production.go:112.28,113.37 1 0
github.com/bradtumy/credential-service/internal/keystore/production.go:114.32,115.38 1 1
github.com/bradtumy/credential-service/internal/keystore/production.go:116.29,117.45 1 3
github.com/bradtumy/credential-service/internal/keystore/production.go:118.10,119.63 1 0
github.com/bradtumy/credential-service/internal/keystore/production.go:123.102,129.16 4 0
github.com/bradtumy/credential-service/internal/keystore/production.go:129.16,131.3 1 0
github.com/bradtumy/credential-service/internal/keystore/production.go:133.2,133.20 1 0
github.com/bradtumy/credential-service/internal/keystore/production.go:136.103,138.21 2 1
github.com/bradtumy/credential-service/internal/keystore/production.go:138.21,140.3 1 0
github.com/bradtumy/credential-service/internal/keystore/production.go:141.2,142.20 2 1
github.com/bradtumy/credential-service/internal/keystore/production.go:142.20,144.3 1 0
github.com/bradtumy/credential-service/internal/keystore/production.go:145.2,146.19 2 1
github.com/bradtumy/credential-service/internal/keystore/production.go:146.19,148.3 1 0
github.com/bradtumy/credential-service/internal/keystore/production.go:150.2,151.21 2 1
github.com/bradtumy/credential-service/internal/keystore/production.go:151.21,153.3 1 0
github.com/bradtumy/credential-service/internal/keystore/production.go:155.2,157.19 3 1
github.com/bradtumy/credential-service/internal/keystore/production.go:157.19,159.3 1 1
github.com/bradtumy/credential-service/internal/keystore/production.go:161.2,164.16 3 1
github.com/bradtumy/credential-service/internal/keystore/production.go:164.16,166.3 1 0
github.com/bradtumy/credential-service/internal/keystore/production.go:168.2,168.20 1 1
github.com/bradtumy/credential-service/internal/keystore/production.go:171.54,174.19 2 9
github.com/bradtumy/credential-service/internal/keystore/production.go:175.28,176.30 1 1
github.com/bradtumy/credential-service/internal/keystore/production.go:177.32,178.31 1 1
github.com/bradtumy/credential-service/internal/keystore/production.go:179.29,180.13 1 7
github.com/bradtumy/credential-service/internal/keystore/production.go:181.10,182.54 1 0
github.com/bradtumy/credential-service/internal/keystore/production.go:186.71,188.80 1 1
github.com/bradtumy/credential-service/internal/keystore/production.go:188.80,190.3 1 1
github.com/bradtumy/credential-service/internal/keystore/production.go:192.2,192.35 1 0
github.com/bradtumy/credential-service/internal/keystore/production.go:192.35,194.3 1 0
github.com/bradtumy/credential-service/internal/keystore/production.go:196.2,196.36 1 0
github.com/bradtumy/credential-service/internal/keystore/production.go:196.36,198.3 1 0
github.com/bradtumy/credential-service/internal/keystore/production.go:200.2,200.12 1 0
github.com/bradtumy/credential-service/internal/keystore/production.go:203.72,204.76 1 1
github.com/bradtumy/credential-service/internal/keystore/production.go:204.76,206.3 1 0
github.com/bradtumy/credential-service/internal/keystore/production.go:208.2,208.12 1 1
github.com/bradtumy/credential-service/internal/keystore/production.go:212.33,215.67 1 5
github.com/bradtumy/credential-service/internal/keystore/production.go:215.67,217.3 1 1
github.com/bradtumy/credential-service/internal/keystore/production.go:220.2,220.76 1 4
github.com/bradtumy/credential-service/internal/keystore/production.go:220.76,222.3 1 1
github.com/bradtumy/credential-service/internal/keystore/production.go:225.2,225.22 1 3
github.com/bradtumy/credential-service/internal/keystore/production.go:229.50,231.2 1 1
github.com/bradtumy/credential-service/internal/keystore/production.go:234.43,236.2 1 1
github.com/bradtumy/credential-service/internal/policy/engine_impl.go:16.39,18.2 1 6
github.com/bradtumy/credential-service/internal/policy/engine_impl.go:21.78,22.32 1 7
github.com/bradtumy/credential-service/internal/policy/engine_impl.go:22.32,24.3 1 0
github.com/bradtumy/credential-service/internal/policy/engine_impl.go:26.2,27.16 2 7
github.com/bradtumy/credential-service/internal/policy/engine_impl.go:27.16,29.3 1 0
github.com/bradtumy/credential-service/internal/policy/engine_impl.go:31.2,32.24 2 7
github.com/bradtumy/credential-service/internal/policy/engine_impl.go:32.24,34.3 1 2
github.com/bradtumy/credential-service/internal/policy/engine_impl.go:36.2,36.49 1 5
github.com/bradtumy/credential-service/internal/policy/engine_impl.go:36.49,37.51 1 1
github.com/bradtumy/credential-service/internal/policy/engine_impl.go:37.51,39.4 1 0
github.com/bradtumy/credential-service/internal/policy/engine_impl.go:40.3,40.53 1 1
github.com/bradtumy/credential-service/internal/policy/engine_impl.go:43.2,44.26 2 5
github.com/bradtumy/credential-service/internal/policy/engine_impl.go:44.26,46.62 2 5
github.com/bradtumy/credential-service/internal/policy/engine_impl.go:46.62,48.4 1 1
github.com/bradtumy/credential-service/internal/policy/engine_impl.go:49.3,49.85 1 4
github.com/bradtumy/credential-service/internal/policy/engine_impl.go:49.85,51.4 1 4
github.com/bradtumy/credential-service/internal/policy/engine_impl.go:54.2,54.24 1 4
github.com/bradtumy/credential-service/internal/policy/engine_impl.go:54.24,56.3 1 4
github.com/bradtumy/credential-service/internal/policy/engine_impl.go:58.2,58.74 1 0
github.com/bradtumy/credential-service/internal/policy/engine_impl.go:61.80,63.26 2 7
github.com/bradtumy/credential-service/internal/policy/engine_impl.go:63.26,65.17 2 7
github.com/bradtumy/credential-service/internal/policy/engine_impl.go:65.17,66.12 1 0
github.com/bradtumy/credential-service/internal/policy/engine_impl.go:68.3,68.38 1 7
github.com/bradtumy/credential-service/internal/policy/engine_impl.go:68.38,69.12 1 0
github.com/bradtumy/credential-service/internal/policy/engine_impl.go:71.3,71.42 1 7
github.com/bradtumy/credential-service/internal/policy/engine_impl.go:71.42,72.12 1 0
github.com/bradtumy/credential-service/internal/policy/engine_impl.go:74.3,74.54 1 7
github.com/bradtumy/credential-service/internal/policy/engine_impl.go:74.54,75.12 1 0
github.com/bradtumy/credential-service/internal/policy/engine_impl.go:77.3,77.35 1 7
github.com/bradtumy/credential-service/internal/policy/engine_impl.go:77.35,78.12 1 1
github.com/bradtumy/credential-service/internal/policy/engine_impl.go:80.3,80.31 1 6
github.com/bradtumy/credential-service/internal/policy/engine_impl.go:82.2,82.16 1 7
github.com/bradtumy/credential-service/internal/policy/engine_impl.go:85.50,86.30 1 7
github.com/bradtumy/credential-service/internal/policy/engine_impl.go:86.30,87.35 1 7
github.com/bradtumy/credential-service/internal/policy/engine_impl.go:87.35,89.4 1 7
github.com/bradtumy/credential-service/internal/policy/engine_impl.go:91.2,91.14 1 0
github.com/bradtumy/credential-service/internal/policy/engine_impl.go:94.54,95.32 1 7
github.com/bradtumy/credential-service/internal/policy/engine_impl.go:95.32,96.20 1 7
github.com/bradtumy/credential-service/internal/policy/engine_impl.go:96.20,98.4 1 6
github.com/bradtumy/credential-service/internal/policy/engine_impl.go:99.3,99.32 1 1
github.com/bradtumy/credential-service/internal/policy/engine_impl.go:99.32,101.43 2 1
github.com/bradtumy/credential-service/internal/policy/engine_impl.go:101.43,103.5 1 1
github.com/bradtumy/credential-service/internal/policy/engine_impl.go:106.2,106.14 1 0
github.com/bradtumy/credential-service/internal/policy/engine_impl.go:109.75,110.31 1 7
github.com/bradtumy/credential-service/internal/policy/engine_impl.go:110.31,111.17 1 7
github.com/bradtumy/credential-service/internal/policy/engine_impl.go:111.17,113.4 1 6
github.com/bradtumy/credential-service/internal/policy/engine_impl.go:114.3,114.19 1 1
github.com/bradtumy/credential-service/internal/policy/engine_impl.go:114.19,116.4 1 0
github.com/bradtumy/credential-service/internal/policy/engine_impl.go:117.3,117.36 1 1
github.com/bradtumy/credential-service/internal/policy/engine_impl.go:117.36,119.18 2 1
github.com/bradtumy/credential-service/internal/policy/engine_impl.go:119.18,120.13 1 0
github.com/bradtumy/credential-service/internal/policy/engine_impl.go:122.4,122.29 1 1
github.com/bradtumy/credential-service/internal/policy/engine_impl.go:122.29,124.5 1 1
github.com/bradtumy/credential-service/internal/policy/engine_impl.go:127.2,127.14 1 0
github.com/bradtumy/credential-service/internal/policy/engine_impl.go:130.55,131.19 1 1
github.com/bradtumy/credential-service/internal/policy/engine_impl.go:131.19,133.3 1 0
github.com/bradtumy/credential-service/internal/policy/engine_impl.go:134.2,135.9 2 1
github.com/bradtumy/credential-service/internal/policy/engine_impl.go:135.9,137.3 1 0
github.com/bradtumy/credential-service/internal/policy/engine_impl.go:139.2,139.30 1 1
github.com/bradtumy/credential-service/internal/policy/engine_impl.go:140.16,141.23 1 1
github.com/bradtumy/credential-service/internal/policy/engine_impl.go:141.23,142.17 1 1
github.com/bradtumy/credential-service/internal/policy/engine_impl.go:142.17,144.5 1 1
github.com/bradtumy/credential-service/internal/policy/engine_impl.go:146.13,147.26 1 0
github.com/bradtumy/credential-service/internal/policy/engine_impl.go:147.26,148.51 1 0
github.com/bradtumy/credential-service/internal/policy/engine_impl.go:148.51,150.5 1 0
github.com/bradtumy/credential-service/internal/policy/engine_impl.go:153.2,153.14 1 0
github.com/bradtumy/credential-service/internal/policy/engine_impl.go:156.62,157.28 1 7
github.com/bradtumy/credential-service/internal/policy/engine_impl.go:157.28,159.3 1 5
github.com/bradtumy/credential-service/internal/policy/engine_impl.go:161.2,161.37 1 2
github.com/bradtumy/credential-service/internal/policy/engine_impl.go:161.37,162.14 1 3
github.com/bradtumy/credential-service/internal/policy/engine_impl.go:163.25,164.40 1 2
github.com/bradtumy/credential-service/internal/policy/engine_impl.go:164.40,166.5 1 1
github.com/bradtumy/credential-service/internal/policy/engine_impl.go:167.23,169.11 2 1
github.com/bradtumy/credential-service/internal/policy/engine_impl.go:169.11,171.5 1 0
github.com/bradtumy/credential-service/internal/policy/engine_impl.go:172.4,172.44 1 1
github.com/bradtumy/credential-service/internal/policy/engine_impl.go:172.44,173.55 1 1
github.com/bradtumy/credential-service/internal/policy/engine_impl.go:173.55,175.6 1 0
github.com/bradtumy/credential-service/internal/policy/engine_impl.go:177.11,178.16 1 0
github.com/bradtumy/credential-service/internal/policy/engine_impl.go:181.2,181.13 1 1
github.com/bradtumy/credential-service/internal/policy/engine_impl.go:184.52,185.27 1 2
github.com/bradtumy/credential-service/internal/policy/engine_impl.go:186.14,187.27 1 2
github.com/bradtumy/credential-service/internal/policy/engine_impl.go:187.27,188.14 1 2
github.com/bradtumy/credential-service/internal/policy/engine_impl.go:188.14,190.5 1 1
github.com/bradtumy/credential-service/internal/policy/engine_impl.go:192.3,192.15 1 1
github.com/bradtumy/credential-service/internal/policy/engine_impl.go:193.13,194.26 1 0
github.com/bradtumy/credential-service/internal/policy/engine_impl.go:194.26,195.36 1 0
github.com/bradtumy/credential-service/internal/policy/engine_impl.go:195.36,197.29 2 0
github.com/bradtumy/credential-service/internal/policy/engine_impl.go:197.29,198.18 1 0
github.com/bradtumy/credential-service/internal/policy/engine_impl.go:198.18,200.12 2 0
github.com/bradtumy/credential-service/internal/policy/engine_impl.go:203.5,203.15 1 0
github.com/bradtumy/credential-service/internal/policy/engine_impl.go:203.15,205.6 1 0
github.com/bradtumy/credential-service/internal/policy/engine_impl.go:208.3,208.14 1 0
github.com/bradtumy/credential-service/internal/policy/engine_impl.go:209.16,210.25 1 0
github.com/bradtumy/credential-service/internal/policy/engine_impl.go:210.25,212.28 2 0
github.com/bradtumy/credential-service/internal/policy/engine_impl.go:212.28,213.17 1 0
github.com/bradtumy/credential-service/internal/policy/engine_impl.go:213.17,215.11 2 0
github.com/bradtumy/credential-service/internal/policy/engine_impl.go:218.4,218.14 1 0
github.com/bradtumy/credential-service/internal/policy/engine_impl.go:218.14,220.5 1 0
github.com/bradtumy/credential-service/internal/policy/engine_impl.go:222.3,222.14 1 0
github.com/bradtumy/credential-service/internal/policy/engine_impl.go:223.10,224.15 1 0
github.com/bradtumy/credential-service/internal/policy/engine_impl.go:228.72,229.19 1 1
github.com/bradtumy/credential-service/internal/policy/engine_impl.go:229.19,231.3 1 0
github.com/bradtumy/credential-service/internal/policy/engine_impl.go:232.2,233.9 2 1
github.com/bradtumy/credential-service/internal/policy/engine_impl.go:233.9,235.3 1 0
github.com/bradtumy/credential-service/internal/policy/engine_impl.go:236.2,236.32 1 1
github.com/bradtumy/credential-service/internal/policy/engine_impl.go:237.14,239.26 2 1
github.com/bradtumy/credential-service/internal/policy/engine_impl.go:240.15,241.31 1 0
github.com/bradtumy/credential-service/internal/policy/engine_impl.go:242.16,243.24 1 0
github.com/bradtumy/credential-service/internal/policy/engine_impl.go:244.12,245.33 1 0
github.com/bradtumy/credential-service/internal/policy/engine_impl.go:247.11,248.31 1 0
github.com/bradtumy/credential-service/internal/policy/engine_impl.go:249.12,250.24 1 0
github.com/bradtumy/credential-service/internal/policy/engine_impl.go:251.16,252.29 1 0
github.com/bradtumy/credential-service/internal/policy/engine_impl.go:254.10,255.25 1 0
github.com/bradtumy/credential-service/internal/policy/engine_impl.go:257.2,257.14 1 0
github.com/bradtumy/credential-service/internal/policy/engine_noop.go:7.77,10.2 2 0
github.com/bradtumy/credential-service/internal/policy/issuance_policy.go:22.49,27.66 2 0
github.com/bradtumy/credential-service/internal/policy/issuance_policy.go:27.66,28.67 1 0
github.com/bradtumy/credential-service/internal/policy/issuance_policy.go:28.67,30.4 1 0
github.com/bradtumy/credential-service/internal/policy/issuance_policy.go:33.2,33.65 1 0
github.com/bradtumy/credential-service/internal/policy/issuance_policy.go:33.65,35.3 1 0
github.com/bradtumy/credential-service/internal/policy/issuance_policy.go:37.2,37.66 1 0
github.com/bradtumy/credential-service/internal/policy/issuance_policy.go:37.66,39.3 1 0
github.com/bradtumy/credential-service/internal/policy/issuance_policy.go:41.2,41.15 1 0
github.com/bradtumy/credential-service/internal/policy/issuance_policy.go:45.96,46.57 1 0
github.com/bradtumy/credential-service/internal/policy/issuance_policy.go:46.57,48.3 1 0
github.com/bradtumy/credential-service/internal/policy/issuance_policy.go:50.2,50.31 1 0
github.com/bradtumy/credential-service/internal/policy/issuance_policy.go:50.31,51.40 1 0
github.com/bradtumy/credential-service/internal/policy/issuance_policy.go:51.40,52.33 1 0
github.com/bradtumy/credential-service/internal/policy/issuance_policy.go:52.33,54.5 1 0
github.com/bradtumy/credential-service/internal/policy/issuance_policy.go:58.2,58.30 1 0
github.com/bradtumy/credential-service/internal/policy/issuance_policy.go:58.30,59.42 1 0
github.com/bradtumy/credential-service/internal/policy/issuance_policy.go:59.42,61.37 2 0
github.com/bradtumy/credential-service/internal/policy/issuance_policy.go:61.37,62.46 1 0
github.com/bradtumy/credential-service/internal/policy/issuance_policy.go:62.46,64.6 1 0
github.com/bradtumy/credential-service/internal/policy/issuance_policy.go:69.2,69.12 1 0
github.com/bradtumy/credential-service/internal/policy/issuance_policy.go:72.49,73.28 1 0
github.com/bradtumy/credential-service/internal/policy/issuance_policy.go:73.28,74.20 1 0
github.com/bradtumy/credential-service/internal/policy/issuance_policy.go:74.20,76.4 1 0
github.com/bradtumy/credential-service/internal/policy/issuance_policy.go:78.2,78.14 1 0
github.com/bradtumy/credential-service/internal/policy/issuance_policy.go:81.40,84.29 3 0
github.com/bradtumy/credential-service/internal/policy/issuance_policy.go:84.29,85.56 1 0
github.com/bradtumy/credential-service/internal/policy/issuance_policy.go:85.56,87.4 1 0
github.com/bradtumy/credential-service/internal/policy/issuance_policy.go:89.2,89.12 1 0
github.com/bradtumy/credential-service/internal/policy/issuance_policy.go:92.41,93.27 1 0
github.com/bradtumy/credential-service/internal/policy/issuance_policy.go:94.14,95.21 1 0
github.com/bradtumy/credential-service/internal/policy/issuance_policy.go:96.16,97.11 1 0
github.com/bradtumy/credential-service/internal/policy/issuance_policy.go:98.21,100.26 2 0
github.com/bradtumy/credential-service/internal/policy/issuance_policy.go:100.26,101.34 1 0
github.com/bradtumy/credential-service/internal/policy/issuance_policy.go:101.34,103.5 1 0
github.com/bradtumy/credential-service/internal/policy/issuance_policy.go:105.3,105.13 1 0
github.com/bradtumy/credential-service/internal/policy/issuance_policy.go:106.10,107.13 1 0
github.com/bradtumy/credential-service/internal/policy/issuance_policy.go:112.81,114.2 1 0
github.com/bradtumy/credential-service/internal/policy/issuance_policy.go:117.70,119.110 2 0
github.com/bradtumy/credential-service/internal/policy/issuance_policy.go:119.110,121.3 1 0
github.com/bradtumy/credential-service/internal/policy/issuance_policy.go:122.2,122.34 1 0
github.com/bradtumy/credential-service/internal/policy/issuance_policy.go:122.34,124.3 1 0
github.com/bradtumy/credential-service/internal/policy/issuance_policy.go:125.2,125.35 1 0
github.com/bradtumy/credential-service/internal/policy/issuance_policy.go:125.35,127.3 1 0
github.com/bradtumy/credential-service/internal/policy/issuance_policy.go:128.2,128.17 1 0
github.com/bradtumy/credential-service/internal/policy/store_memory.go:19.36,21.2 1 8
github.com/bradtumy/credential-service/internal/policy/store_memory.go:24.99,29.27 4 10
github.com/bradtumy/credential-service/internal/policy/store_memory.go:29.27,31.3 1 1
github.com/bradtumy/credential-service/internal/policy/store_memory.go:33.2,34.35 2 9
github.com/bradtumy/credential-service/internal/policy/store_memory.go:34.35,36.3 1 10
github.com/bradtumy/credential-service/internal/policy/store_memory.go:38.2,38.41 1 9
github.com/bradtumy/credential-service/internal/policy/store_memory.go:38.41,39.47 1 1
github.com/bradtumy/credential-service/internal/policy/store_memory.go:39.47,41.4 1 0
github.com/bradtumy/credential-service/internal/policy/store_memory.go:42.3,42.49 1 1
github.com/bradtumy/credential-service/internal/policy/store_memory.go:45.2,45.20 1 9
github.com/bradtumy/credential-service/internal/policy/store_memory.go:49.72,50.14 1 9
github.com/bradtumy/credential-service/internal/policy/store_memory.go:50.14,52.3 1 0
github.com/bradtumy/credential-service/internal/policy/store_memory.go:53.2,53.22 1 9
github.com/bradtumy/credential-service/internal/policy/store_memory.go:53.22,55.3 1 0
github.com/bradtumy/credential-service/internal/policy/store_memory.go:57.2,60.35 3 9
github.com/bradtumy/credential-service/internal/policy/store_memory.go:60.35,62.3 1 8
github.com/bradtumy/credential-service/internal/policy/store_memory.go:64.2,67.26 4 9
github.com/bradtumy/credential-service/internal/policy/store_memory.go:67.26,69.3 1 9
github.com/bradtumy/credential-service/internal/policy/store_memory.go:70.2,72.12 3 9
github.com/bradtumy/credential-service/internal/policy/store_memory.go:76.72,77.14 1 1
github.com/bradtumy/credential-service/internal/policy/store_memory.go:77.14,79.3 1 0
github.com/bradtumy/credential-service/internal/policy/store_memory.go:80.2,80.22 1 1
github.com/bradtumy/credential-service/internal/policy/store_memory.go:80.22,82.3 1 0
github.com/bradtumy/credential-service/internal/policy/store_memory.go:84.2,89.9 5 1
github.com/bradtumy/credential-service/internal/policy/store_memory.go:89.9,91.3 1 0
github.com/bradtumy/credential-service/internal/policy/store_memory.go:93.2,93.26 1 1
github.com/bradtumy/credential-service/internal/policy/store_memory.go:93.26,95.3 1 0
github.com/bradtumy/credential-service/internal/policy/store_memory.go:96.2,98.12 3 1
github.com/bradtumy/credential-service/internal/policy/store_memory.go:102.95,106.67 3 2
github.com/bradtumy/credential-service/internal/policy/store_memory.go:106.67,107.38 1 2
github.com/bradtumy/credential-service/internal/policy/store_memory.go:107.38,109.4 1 1
github.com/bradtumy/credential-service/internal/policy/store_memory.go:111.2,111.36 1 1
github.com/bradtumy/credential-service/internal/policy/store_memory.go:115.88,120.27 4 1
github.com/bradtumy/credential-service/internal/policy/store_memory.go:120.27,122.3 1 0
github.com/bradtumy/credential-service/internal/policy/store_memory.go:124.2,124.38 1 1
github.com/bradtumy/credential-service/internal/policy/store_memory.go:124.38,126.3 1 0
github.com/bradtumy/credential-service/internal/policy/store_memory.go:128.2,129.12 2 1
github.com/bradtumy/credential-service/internal/policy/store_pg.go:18.38,20.2 1 2
github.com/bradtumy/credential-service/internal/policy/store_pg.go:23.97,26.16 3 0
github.com/bradtumy/credential-service/internal/policy/store_pg.go:26.16,28.3 1 0
github.com/bradtumy/credential-service/internal/policy/store_pg.go:29.2,32.18 3 0
github.com/bradtumy/credential-service/internal/policy/store_pg.go:32.18,37.284 2 0
github.com/bradtumy/credential-service/internal/policy/store_pg.go:37.284,39.4 1 0
github.com/bradtumy/credential-service/internal/policy/store_pg.go:40.3,40.24 1 0
github.com/bradtumy/credential-service/internal/policy/store_pg.go:40.24,41.71 1 0
github.com/bradtumy/credential-service/internal/policy/store_pg.go:41.71,43.5 1 0
github.com/bradtumy/credential-service/internal/policy/store_pg.go:45.3,45.38 1 0
github.com/bradtumy/credential-service/internal/policy/store_pg.go:47.2,47.29 1 0
github.com/bradtumy/credential-service/internal/policy/store_pg.go:51.75,52.19 1 1
github.com/bradtumy/credential-service/internal/policy/store_pg.go:52.19,54.3 1 0
github.com/bradtumy/credential-service/internal/policy/store_pg.go:55.2,56.16 2 1
github.com/bradtumy/credential-service/internal/policy/store_pg.go:56.16,58.3 1 0
github.com/bradtumy/credential-service/internal/policy/store_pg.go:59.2,61.57 2 1
github.com/bradtumy/credential-service/internal/policy/store_pg.go:65.75,66.19 1 1
github.com/bradtumy/credential-service/internal/policy/store_pg.go:66.19,68.3 1 0
github.com/bradtumy/credential-service/internal/policy/store_pg.go:69.2,70.16 2 1
github.com/bradtumy/credential-service/internal/policy/store_pg.go:70.16,72.3 1 0
github.com/bradtumy/credential-service/internal/policy/store_pg.go:74.2,76.39 2 1
github.com/bradtumy/credential-service/internal/policy/store_pg.go:76.39,77.36 1 0
github.com/bradtumy/credential-service/internal/policy/store_pg.go:77.36,79.4 1 0
github.com/bradtumy/credential-service/internal/policy/store_pg.go:80.3,80.13 1 0
github.com/bradtumy/credential-service/internal/policy/store_pg.go:82.2,82.12 1 1
github.com/bradtumy/credential-service/internal/policy/store_pg.go:86.93,92.325 3 1
github.com/bradtumy/credential-service/internal/policy/store_pg.go:92.325,93.36 1 0
github.com/bradtumy/credential-service/internal/policy/store_pg.go:93.36,95.4 1 0
github.com/bradtumy/credential-service/internal/policy/store_pg.go:96.3,96.23 1 0
github.com/bradtumy/credential-service/internal/policy/store_pg.go:98.2,98.23 1 1
github.com/bradtumy/credential-service/internal/policy/store_pg.go:98.23,99.70 1 1
github.com/bradtumy/credential-service/internal/policy/store_pg.go:99.70,101.4 1 0
github.com/bradtumy/credential-service/internal/policy/store_pg.go:103.2,103.20 1 1
github.com/bradtumy/credential-service/internal/policy/store_pg.go:107.86,110.16 3 1
github.com/bradtumy/credential-service/internal/policy/store_pg.go:110.16,112.3 1 0
github.com/bradtumy/credential-service/internal/policy/store_pg.go:113.2,114.19 2 1
github.com/bradtumy/credential-service/internal/policy/store_pg.go:114.19,116.3 1 0
github.com/bradtumy/credential-service/internal/policy/store_pg.go:117.2,117.12 1 1
github.com/bradtumy/credential-service/internal/logging/logging.go:85.25,95.2 4 1
github.com/bradtumy/credential-service/internal/logging/logging.go:98.37,102.2 3 2
github.com/bradtumy/credential-service/internal/logging/logging.go:105.83,107.2 1 4
github.com/bradtumy/credential-service/internal/logging/logging.go:110.51,111.56 1 7
github.com/bradtumy/credential-service/internal/logging/logging.go:111.56,113.3 1 6
github.com/bradtumy/credential-service/internal/logging/logging.go:114.2,114.11 1 1
github.com/bradtumy/credential-service/internal/logging/logging.go:118.73,120.2 1 3
github.com/bradtumy/credential-service/internal/logging/logging.go:123.46,124.51 1 6
github.com/bradtumy/credential-service/internal/logging/logging.go:124.51,126.3 1 3
github.com/bradtumy/credential-service/internal/logging/logging.go:127.2,127.11 1 3
github.com/bradtumy/credential-service/internal/logging/logging.go:131.69,133.2 1 2
github.com/bradtumy/credential-service/internal/logging/logging.go:136.44,137.49 1 6
github.com/bradtumy/credential-service/internal/logging/logging.go:137.49,139.3 1 2
github.com/bradtumy/credential-service/internal/logging/logging.go:140.2,140.11 1 4
github.com/bradtumy/credential-service/internal/logging/logging.go:144.54,147.65 2 1
github.com/bradtumy/credential-service/internal/logging/logging.go:147.65,149.3 1 1
github.com/bradtumy/credential-service/internal/logging/logging.go:151.2,151.50 1 1
github.com/bradtumy/credential-service/internal/logging/logging.go:151.50,153.3 1 1
github.com/bradtumy/credential-service/internal/logging/logging.go:155.2,155.44 1 1
github.com/bradtumy/credential-service/internal/logging/logging.go:155.44,157.3 1 1
github.com/bradtumy/credential-service/internal/logging/logging.go:159.2,159.15 1 1
github.com/bradtumy/credential-service/internal/logging/logging.go:162.42,163.15 1 5
github.com/bradtumy/credential-service/internal/logging/logging.go:164.15,165.25 1 2
github.com/bradtumy/credential-service/internal/logging/logging.go:166.14,167.24 1 1
github.com/bradtumy/credential-service/internal/logging/logging.go:168.15,169.25 1 1
github.com/bradtumy/credential-service/internal/logging/logging.go:170.10,171.24 1 1
github.com/bradtumy/credential-service/internal/logging/logging.go:176.59,178.31 1 4
github.com/bradtumy/credential-service/internal/logging/logging.go:178.31,180.3 1 4
github.com/bradtumy/credential-service/internal/logging/logging.go:183.2,183.26 1 4
github.com/bradtumy/credential-service/internal/logging/logging.go:183.26,185.3 1 4
github.com/bradtumy/credential-service/internal/logging/logging.go:188.2,188.24 1 4
github.com/bradtumy/credential-service/internal/logging/logging.go:188.24,190.3 1 4
github.com/bradtumy/credential-service/internal/logging/logging.go:193.2,197.19 3 4
github.com/bradtumy/credential-service/internal/logging/logging.go:197.19,199.3 1 0
github.com/bradtumy/credential-service/internal/logging/logging.go:200.2,215.3 1 4
github.com/bradtumy/credential-service/internal/logging/logging.go:219.127,226.2 1 1
github.com/bradtumy/credential-service/internal/logging/logging.go:229.111,236.2 1 1
github.com/bradtumy/credential-service/internal/logging/logging.go:239.134,247.2 1 1
github.com/bradtumy/credential-service/cmd/verifier/main.go:30.13,43.22 6 0
github.com/bradtumy/credential-service/cmd/verifier/main.go:43.22,46.17 3 0
github.com/bradtumy/credential-service/cmd/verifier/main.go:46.17,48.4 1 0
github.com/bradtumy/credential-service/cmd/verifier/main.go:49.3,49.29 1 0
github.com/bradtumy/credential-service/cmd/verifier/main.go:49.29,51.4 1 0
github.com/bradtumy/credential-service/cmd/verifier/main.go:52.3,53.38 2 0
github.com/bradtumy/credential-service/cmd/verifier/main.go:56.2,56.143 1 0
github.com/bradtumy/credential-service/cmd/verifier/main.go:56.143,58.3 1 0
github.com/bradtumy/credential-service/cmd/verifier/main.go:61.2,72.86 2 0
github.com/bradtumy/credential-service/cmd/verifier/main.go:72.86,74.3 1 0
github.com/bradtumy/credential-service/cmd/verifier/main.go:74.8,76.3 1 0
github.com/bradtumy/credential-service/cmd/verifier/main.go:78.2,85.16 3 0
github.com/bradtumy/credential-service/cmd/verifier/main.go:85.16,87.3 1 0
github.com/bradtumy/credential-service/cmd/verifier/main.go:90.2,90.60 1 0
github.com/bradtumy/credential-service/cmd/verifier/main.go:90.60,93.17 2 0
github.com/bradtumy/credential-service/cmd/verifier/main.go:93.17,95.4 1 0
github.com/bradtumy/credential-service/cmd/verifier/main.go:96.3,96.15 1 0
github.com/bradtumy/credential-service/cmd/verifier/main.go:96.15,98.4 1 0
github.com/bradtumy/credential-service/cmd/verifier/main.go:101.3,101.68 1 0
github.com/bradtumy/credential-service/cmd/verifier/main.go:105.2,106.52 2 0
github.com/bradtumy/credential-service/cmd/verifier/main.go:106.52,108.17 2 0
github.com/bradtumy/credential-service/cmd/verifier/main.go:108.17,110.4 1 0
github.com/bradtumy/credential-service/cmd/verifier/main.go:111.3,112.89 2 0
github.com/bradtumy/credential-service/cmd/verifier/main.go:113.8,116.3 2 0
github.com/bradtumy/credential-service/cmd/verifier/main.go:119.2,120.16 2 0
github.com/bradtumy/credential-service/cmd/verifier/main.go:120.16,122.3 1 0
github.com/bradtumy/credential-service/cmd/verifier/main.go:124.2,125.16 2 0
github.com/bradtumy/credential-service/cmd/verifier/main.go:125.16,127.3 1 0
github.com/bradtumy/credential-service/cmd/verifier/main.go:129.2,129.109 1 0
github.com/bradtumy/credential-service/cmd/verifier/main.go:129.109,131.3 1 0
github.com/bradtumy/credential-service/cmd/verifier/main.go:133.2,133.47 1 0
github.com/bradtumy/credential-service/cmd/verifier/main.go:133.47,134.16 1 0
github.com/bradtumy/credential-service/cmd/verifier/main.go:134.16,136.4 1 0
github.com/bradtumy/credential-service/cmd/verifier/main.go:137.3,137.13 1 0
github.com/bradtumy/credential-service/cmd/verifier/main.go:141.2,143.16 3 0
github.com/bradtumy/credential-service/cmd/verifier/main.go:143.16,145.3 1 0
github.com/bradtumy/credential-service/cmd/verifier/main.go:146.2,147.16 2 0
github.com/bradtumy/credential-service/cmd/verifier/main.go:147.16,149.3 1 0
github.com/bradtumy/credential-service/cmd/verifier/main.go:151.2,156.45 5 0
github.com/bradtumy/credential-service/cmd/verifier/main.go:156.45,158.17 2 0
github.com/bradtumy/credential-service/cmd/verifier/main.go:158.17,160.4 1 0
github.com/bradtumy/credential-service/cmd/verifier/main.go:160.9,162.4 1 0
github.com/bradtumy/credential-service/cmd/verifier/main.go:165.2,166.26 2 0
github.com/bradtumy/credential-service/cmd/verifier/main.go:166.26,167.74 1 0
github.com/bradtumy/credential-service/cmd/verifier/main.go:167.74,169.4 1 0
github.com/bradtumy/credential-service/cmd/verifier/main.go:169.9,172.4 2 0
github.com/bradtumy/credential-service/cmd/verifier/main.go:175.2,202.66 8 0
github.com/bradtumy/credential-service/cmd/verifier/main.go:202.66,205.3 2 0
github.com/bradtumy/credential-service/cmd/verifier/main.go:207.2,213.59 4 0
github.com/bradtumy/credential-service/internal/jwtutil/jwtutil.go:32.80,33.17 1 4
github.com/bradtumy/credential-service/internal/jwtutil/jwtutil.go:33.17,35.3 1 0
github.com/bradtumy/credential-service/internal/jwtutil/jwtutil.go:36.2,36.23 1 4
github.com/bradtumy/credential-service/internal/jwtutil/jwtutil.go:36.23,38.3 1 0
github.com/bradtumy/credential-service/internal/jwtutil/jwtutil.go:39.2,41.16 3 4
github.com/bradtumy/credential-service/internal/jwtutil/jwtutil.go:41.16,43.3 1 1
github.com/bradtumy/credential-service/internal/jwtutil/jwtutil.go:44.2,44.30 1 3
github.com/bradtumy/credential-service/internal/jwtutil/jwtutil.go:44.30,46.3 1 0
github.com/bradtumy/credential-service/internal/jwtutil/jwtutil.go:48.2,49.41 2 3
github.com/bradtumy/credential-service/internal/jwtutil/jwtutil.go:49.41,51.3 1 0
github.com/bradtumy/credential-service/internal/jwtutil/jwtutil.go:53.2,54.16 2 3
github.com/bradtumy/credential-service/internal/jwtutil/jwtutil.go:54.16,56.3 1 0
github.com/bradtumy/credential-service/internal/jwtutil/jwtutil.go:58.2,59.16 2 3
github.com/bradtumy/credential-service/internal/jwtutil/jwtutil.go:59.16,61.3 1 1
github.com/bradtumy/credential-service/internal/jwtutil/jwtutil.go:63.2,71.70 4 2
github.com/bradtumy/credential-service/internal/jwtutil/jwtutil.go:71.70,73.3 1 0
github.com/bradtumy/credential-service/internal/jwtutil/jwtutil.go:75.2,76.24 2 2
github.com/bradtumy/credential-service/internal/jwtutil/jwtutil.go:76.24,78.3 1 2
github.com/bradtumy/credential-service/internal/jwtutil/jwtutil.go:80.2,80.76 1 2
github.com/bradtumy/credential-service/internal/jwtutil/jwtutil.go:80.76,82.3 1 1
github.com/bradtumy/credential-service/internal/jwtutil/jwtutil.go:84.2,90.8 1 1
github.com/bradtumy/credential-service/internal/jwtutil/jwtutil.go:93.54,94.15 1 3
github.com/bradtumy/credential-service/internal/jwtutil/jwtutil.go:94.15,96.3 1 0
github.com/bradtumy/credential-service/internal/jwtutil/jwtutil.go:97.2,97.23 1 3
github.com/bradtumy/credential-service/internal/jwtutil/jwtutil.go:97.23,99.3 1 0
github.com/bradtumy/credential-service/internal/jwtutil/jwtutil.go:100.2,100.28 1 3
github.com/bradtumy/credential-service/internal/jwtutil/jwtutil.go:100.28,101.15 1 3
github.com/bradtumy/credential-service/internal/jwtutil/jwtutil.go:101.15,103.4 1 3
github.com/bradtumy/credential-service/internal/jwtutil/jwtutil.go:105.2,105.14 1 0
github.com/bradtumy/credential-service/internal/jwtutil/jwtutil.go:108.57,111.16 3 3
github.com/bradtumy/credential-service/internal/jwtutil/jwtutil.go:111.16,113.3 1 0
github.com/bradtumy/credential-service/internal/jwtutil/jwtutil.go:114.2,117.65 3 3
github.com/bradtumy/credential-service/internal/jwtutil/jwtutil.go:117.65,119.3 1 0
github.com/bradtumy/credential-service/internal/jwtutil/jwtutil.go:121.2,121.19 1 3
github.com/bradtumy/credential-service/internal/jwtutil/jwtutil.go:124.78,125.16 1 3
github.com/bradtumy/credential-service/internal/jwtutil/jwtutil.go:125.16,127.3 1 0
github.com/bradtumy/credential-service/internal/jwtutil/jwtutil.go:129.2,130.33 2 3
github.com/bradtumy/credential-service/internal/jwtutil/jwtutil.go:130.33,132.3 1 0
github.com/bradtumy/credential-service/internal/jwtutil/jwtutil.go:133.2,133.27 1 3
github.com/bradtumy/credential-service/internal/jwtutil/jwtutil.go:133.27,134.18 1 2
github.com/bradtumy/credential-service/internal/jwtutil/jwtutil.go:134.18,136.4 1 2
github.com/bradtumy/credential-service/internal/jwtutil/jwtutil.go:139.2,139.62 1 1
github.com/bradtumy/credential-service/internal/jwtutil/jwtutil.go:142.39,143.25 1 1
github.com/bradtumy/credential-service/internal/jwtutil/jwtutil.go:144.11,145.13 1 0
github.com/bradtumy/credential-service/internal/jwtutil/jwtutil.go:146.14,147.14 1 0
github.com/bradtumy/credential-service/internal/jwtutil/jwtutil.go:147.14,149.4 1 0
github.com/bradtumy/credential-service/internal/jwtutil/jwtutil.go:150.3,150.21 1 0
github.com/bradtumy/credential-service/internal/jwtutil/jwtutil.go:151.16,153.26 2 0
github.com/bradtumy/credential-service/internal/jwtutil/jwtutil.go:153.26,154.18 1 0
github.com/bradtumy/credential-service/internal/jwtutil/jwtutil.go:154.18,156.5 1 0
github.com/bradtumy/credential-service/internal/jwtutil/jwtutil.go:158.3,158.13 1 0
github.com/bradtumy/credential-service/internal/jwtutil/jwtutil.go:159.13,161.26 2 1
github.com/bradtumy/credential-service/internal/jwtutil/jwtutil.go:161.26,162.45 1 2
github.com/bradtumy/credential-service/internal/jwtutil/jwtutil.go:162.45,164.5 1 2
github.com/bradtumy/credential-service/internal/jwtutil/jwtutil.go:166.3,166.13 1 1
github.com/bradtumy/credential-service/internal/jwtutil/jwtutil.go:167.10,168.13 1 0
github.com/bradtumy/credential-service/internal/jwtutil/jwtutil.go:172.70,173.20 1 4
github.com/bradtumy/credential-service/internal/jwtutil/jwtutil.go:173.20,175.3 1 0
github.com/bradtumy/credential-service/internal/jwtutil/jwtutil.go:176.2,177.27 2 4
github.com/bradtumy/credential-service/internal/jwtutil/jwtutil.go:177.27,179.3 1 4
github.com/bradtumy/credential-service/internal/jwtutil/jwtutil.go:180.2,180.12 1 4
github.com/bradtumy/credential-service/internal/metrics/factory.go:25.69,30.2 1 11
github.com/bradtumy/credential-service/internal/metrics/factory.go:35.35,37.23 2 3
github.com/bradtumy/credential-service/internal/metrics/factory.go:37.23,39.3 1 1
github.com/bradtumy/credential-service/internal/metrics/factory.go:41.2,42.21 2 3
github.com/bradtumy/credential-service/internal/metrics/factory.go:42.21,44.3 1 1
github.com/bradtumy/credential-service/internal/metrics/factory.go:46.2,46.43 1 3
github.com/bradtumy/credential-service/internal/metrics/factory.go:50.66,51.23 1 3
github.com/bradtumy/credential-service/internal/metrics/factory.go:52.19,53.36 1 1
github.com/bradtumy/credential-service/internal/metrics/factory.go:54.25,55.55 1 1
github.com/bradtumy/credential-service/internal/metrics/factory.go:56.10,57.72 1 1
github.com/bradtumy/credential-service/internal/metrics/factory.go:62.68,63.23 1 3
github.com/bradtumy/credential-service/internal/metrics/factory.go:64.19,65.37 1 1
github.com/bradtumy/credential-service/internal/metrics/factory.go:66.25,67.56 1 1
github.com/bradtumy/credential-service/internal/metrics/factory.go:68.10,69.72 1 1
github.com/bradtumy/credential-service/internal/metrics/factory.go:74.48,76.2 1 1
github.com/bradtumy/credential-service/internal/metrics/factory.go:79.41,81.2 1 1
github.com/bradtumy/credential-service/internal/metrics/metrics.go:13.67,13.68 0 2
github.com/bradtumy/credential-service/internal/metrics/metrics.go:16.67,16.68 0 1
github.com/bradtumy/credential-service/internal/metrics/metrics.go:34.52,34.53 0 1
github.com/bradtumy/credential-service/internal/metrics/metrics.go:37.50,37.51 0 0
github.com/bradtumy/credential-service/internal/metrics/metrics.go:40.57,40.58 0 0
github.com/bradtumy/credential-service/internal/metrics/metrics.go:43.53,43.54 0 0
github.com/bradtumy/credential-service/internal/metrics/metrics.go:46.54,46.55 0 0
github.com/bradtumy/credential-service/internal/metrics/prometheus.go:21.78,23.2 1 3
github.com/bradtumy/credential-service/internal/metrics/prometheus.go:26.124,27.21 1 4
github.com/bradtumy/credential-service/internal/metrics/prometheus.go:27.21,29.3 1 1
github.com/bradtumy/credential-service/internal/metrics/prometheus.go:31.2,100.3 2 4
github.com/bradtumy/credential-service/internal/metrics/prometheus.go:104.69,106.2 1 6
github.com/bradtumy/credential-service/internal/metrics/prometheus.go:109.67,111.2 1 1
github.com/bradtumy/credential-service/internal/metrics/prometheus.go:114.74,116.2 1 2
github.com/bradtumy/credential-service/internal/metrics/prometheus.go:119.70,121.2 1 1
github.com/bradtumy/credential-service/internal/metrics/prometheus.go:124.71,126.2 1 1
github.com/bradtumy/credential-service/internal/metrics/prometheus.go:129.98,131.2 1 2
github.com/bradtumy/credential-service/internal/metrics/prometheus.go:134.69,136.2 1 1
github.com/bradtumy/credential-service/internal/metrics/prometheus.go:139.86,141.2 1 2
github.com/bradtumy/credential-service/internal/metrics/prometheus.go:152.80,154.2 1 3
github.com/bradtumy/credential-service/internal/metrics/prometheus.go:157.126,158.21 1 4
github.com/bradtumy/credential-service/internal/metrics/prometheus.go:158.21,160.3 1 1
github.com/bradtumy/credential-service/internal/metrics/prometheus.go:162.2,199.3 2 4
github.com/bradtumy/credential-service/internal/metrics/prometheus.go:203.75,205.2 1 5
github.com/bradtumy/credential-service/internal/metrics/prometheus.go:208.75,210.2 1 2
github.com/bradtumy/credential-service/internal/metrics/prometheus.go:213.89,215.2 1 2
github.com/bradtumy/credential-service/internal/metrics/prometheus.go:218.94,220.2 1 2
github.com/bradtumy/credential-service/internal/storage/audit_store.go:22.48,24.2 1 0
github.com/bradtumy/credential-service/internal/storage/audit_store.go:27.94,40.2 3 0
github.com/bradtumy/credential-service/internal/storage/trust_registry_pg.go:14.54,16.2 1 2
github.com/bradtumy/credential-service/internal/storage/trust_registry_pg.go:19.106,22.92 3 2
github.com/bradtumy/credential-service/internal/storage/trust_registry_pg.go:22.92,23.27 1 1
github.com/bradtumy/credential-service/internal/storage/trust_registry_pg.go:23.27,25.4 1 1
github.com/bradtumy/credential-service/internal/storage/trust_registry_pg.go:26.3,26.20 1 0
github.com/bradtumy/credential-service/internal/storage/trust_registry_pg.go:28.2,28.18 1 1
github.com/bradtumy/credential-service/internal/storage/trust_registry_pg.go:32.99,36.2 3 2
github.com/bradtumy/credential-service/internal/storage/trust_registry_pg.go:39.102,43.2 3 0
github.com/bradtumy/credential-service/internal/domain/admin.go:37.52,40.2 2 0
github.com/bradtumy/credential-service/internal/domain/admin.go:43.76,45.9 2 0
github.com/bradtumy/credential-service/internal/domain/admin.go:45.9,47.3 1 0
github.com/bradtumy/credential-service/internal/domain/admin.go:50.2,50.36 1 0
github.com/bradtumy/credential-service/internal/domain/admin.go:51.16,52.30 1 0
github.com/bradtumy/credential-service/internal/domain/admin.go:52.30,53.28 1 0
github.com/bradtumy/credential-service/internal/domain/admin.go:53.28,55.5 1 0
github.com/bradtumy/credential-service/internal/domain/admin.go:57.21,58.30 1 0
github.com/bradtumy/credential-service/internal/domain/admin.go:58.30,59.59 1 0
github.com/bradtumy/credential-service/internal/domain/admin.go:59.59,61.5 1 0
github.com/bradtumy/credential-service/internal/domain/admin.go:64.2,64.14 1 0
github.com/bradtumy/credential-service/internal/domain/admin.go:68.80,69.24 1 0
github.com/bradtumy/credential-service/internal/domain/admin.go:69.24,71.3 1 0
github.com/bradtumy/credential-service/internal/domain/admin.go:73.2,73.41 1 0
github.com/bradtumy/credential-service/internal/domain/admin.go:73.41,75.3 1 0
github.com/bradtumy/credential-service/internal/domain/admin.go:77.2,77.12 1 0
github.com/bradtumy/credential-service/internal/domain/admin.go:81.104,88.43 2 0
github.com/bradtumy/credential-service/internal/domain/admin.go:88.43,90.3 1 0
github.com/bradtumy/credential-service/internal/domain/admin.go:92.2,92.15 1 0
github.com/bradtumy/credential-service/internal/domain/authz_bridge.go:41.86,43.51 2 1
github.com/bradtumy/credential-service/internal/domain/authz_bridge.go:43.51,46.3 2 0
github.com/bradtumy/credential-service/internal/domain/authz_bridge.go:48.2,55.17 7 1
github.com/bradtumy/credential-service/internal/domain/authz_bridge.go:59.130,60.23 1 1
github.com/bradtumy/credential-service/internal/domain/authz_bridge.go:60.23,62.3 1 0
github.com/bradtumy/credential-service/internal/domain/authz_bridge.go:63.2,63.23 1 1
github.com/bradtumy/credential-service/internal/domain/authz_bridge.go:63.23,65.3 1 0
github.com/bradtumy/credential-service/internal/domain/authz_bridge.go:66.2,66.18 1 1
github.com/bradtumy/credential-service/internal/domain/authz_bridge.go:66.18,68.3 1 0
github.com/bradtumy/credential-service/internal/domain/authz_bridge.go:69.2,69.14 1 1
github.com/bradtumy/credential-service/internal/domain/authz_bridge.go:69.14,71.3 1 0
github.com/bradtumy/credential-service/internal/domain/authz_bridge.go:73.2,82.37 3 1
github.com/bradtumy/credential-service/internal/domain/authz_bridge.go:82.37,84.3 1 1
github.com/bradtumy/credential-service/internal/domain/authz_bridge.go:86.2,86.50 1 1
github.com/bradtumy/credential-service/internal/domain/authz_bridge.go:86.50,88.3 1 1
github.com/bradtumy/credential-service/internal/domain/authz_bridge.go:90.2,96.16 3 1
github.com/bradtumy/credential-service/internal/domain/authz_bridge.go:96.16,98.3 1 0
github.com/bradtumy/credential-service/internal/domain/authz_bridge.go:100.2,101.16 2 1
github.com/bradtumy/credential-service/internal/domain/authz_bridge.go:101.16,103.3 1 0
github.com/bradtumy/credential-service/internal/domain/authz_bridge.go:105.2,108.16 3 1
github.com/bradtumy/credential-service/internal/domain/authz_bridge.go:108.16,110.3 1 0
github.com/bradtumy/credential-service/internal/domain/authz_bridge.go:112.2,114.66 2 1
github.com/bradtumy/credential-service/internal/domain/authz_bridge.go:118.71,120.21 2 1
github.com/bradtumy/credential-service/internal/domain/authz_bridge.go:120.21,122.3 1 0
github.com/bradtumy/credential-service/internal/domain/authz_bridge.go:123.2,124.16 2 1
github.com/bradtumy/credential-service/internal/domain/authz_bridge.go:124.16,126.3 1 0
github.com/bradtumy/credential-service/internal/domain/authz_bridge.go:128.2,129.63 2 1
github.com/bradtumy/credential-service/internal/domain/authz_bridge.go:129.63,131.3 1 0
github.com/bradtumy/credential-service/internal/domain/authz_bridge.go:132.2,132.21 1 1
github.com/bradtumy/credential-service/internal/domain/authz_bridge.go:136.82,138.21 2 1
github.com/bradtumy/credential-service/internal/domain/authz_bridge.go:138.21,140.3 1 0
github.com/bradtumy/credential-service/internal/domain/authz_bridge.go:142.2,144.16 3 1
github.com/bradtumy/credential-service/internal/domain/authz_bridge.go:144.16,146.3 1 0
github.com/bradtumy/credential-service/internal/domain/authz_bridge.go:148.2,149.9 2 1
github.com/bradtumy/credential-service/internal/domain/authz_bridge.go:149.9,151.3 1 0
github.com/bradtumy/credential-service/internal/domain/authz_bridge.go:153.2,153.61 1 1
github.com/bradtumy/credential-service/internal/domain/authz_bridge.go:153.61,155.3 1 0
github.com/bradtumy/credential-service/internal/domain/authz_bridge.go:156.2,156.12 1 1
github.com/bradtumy/credential-service/internal/domain/authz_bridge.go:159.40,162.34 3 2
github.com/bradtumy/credential-service/internal/domain/authz_bridge.go:162.34,163.22 1 668
github.com/bradtumy/credential-service/internal/domain/authz_bridge.go:163.22,166.4 2 4
github.com/bradtumy/credential-service/internal/domain/authz_bridge.go:168.2,168.25 1 2
github.com/bradtumy/credential-service/internal/domain/authz_bridge.go:168.25,170.3 1 2
github.com/bradtumy/credential-service/internal/domain/authz_bridge.go:171.2,171.12 1 2
github.com/bradtumy/credential-service/internal/domain/delegation.go:24.59,25.26 1 8
github.com/bradtumy/credential-service/internal/domain/delegation.go:25.26,27.3 1 1
github.com/bradtumy/credential-service/internal/domain/delegation.go:29.2,30.32 2 7
github.com/bradtumy/credential-service/internal/domain/delegation.go:30.32,32.3 1 11
github.com/bradtumy/credential-service/internal/domain/delegation.go:34.2,34.31 1 7
github.com/bradtumy/credential-service/internal/domain/delegation.go:34.31,35.33 1 10
github.com/bradtumy/credential-service/internal/domain/delegation.go:35.33,37.4 1 2
github.com/bradtumy/credential-service/internal/domain/delegation.go:39.2,39.13 1 5
github.com/bradtumy/credential-service/internal/domain/delegation.go:43.72,44.30 1 5
github.com/bradtumy/credential-service/internal/domain/delegation.go:44.30,46.3 1 0
github.com/bradtumy/credential-service/internal/domain/delegation.go:47.2,47.29 1 5
github.com/bradtumy/credential-service/internal/domain/delegation.go:47.29,49.3 1 0
github.com/bradtumy/credential-service/internal/domain/delegation.go:50.2,50.47 1 5
github.com/bradtumy/credential-service/internal/domain/delegation.go:54.47,55.19 1 10
github.com/bradtumy/credential-service/internal/domain/delegation.go:55.19,57.3 1 0
github.com/bradtumy/credential-service/internal/domain/delegation.go:58.2,58.26 1 10
github.com/bradtumy/credential-service/internal/domain/did.go:12.61,13.25 1 4
github.com/bradtumy/credential-service/internal/domain/did.go:14.25,22.17 3 4
github.com/bradtumy/credential-service/internal/domain/did.go:22.17,24.4 1 0
github.com/bradtumy/credential-service/internal/domain/did.go:26.3,26.73 1 4
github.com/bradtumy/credential-service/internal/domain/did.go:27.10,28.63 1 0
github.com/bradtumy/credential-service/internal/domain/did_resolver.go:70.45,79.2 1 41
github.com/bradtumy/credential-service/internal/domain/did_resolver.go:109.81,111.2 1 5
github.com/bradtumy/credential-service/internal/domain/did_resolver.go:116.114,117.25 1 6
github.com/bradtumy/credential-service/internal/domain/did_resolver.go:117.25,119.3 1 1
github.com/bradtumy/credential-service/internal/domain/did_resolver.go:121.2,123.37 2 5
github.com/bradtumy/credential-service/internal/domain/did_resolver.go:123.37,124.22 1 5
github.com/bradtumy/credential-service/internal/domain/did_resolver.go:124.22,126.4 1 1
github.com/bradtumy/credential-service/internal/domain/did_resolver.go:128.3,128.54 1 4
github.com/bradtumy/credential-service/internal/domain/did_resolver.go:128.54,129.20 1 4
github.com/bradtumy/credential-service/internal/domain/did_resolver.go:129.20,131.5 1 0
github.com/bradtumy/credential-service/internal/domain/did_resolver.go:132.4,132.32 1 4
github.com/bradtumy/credential-service/internal/domain/did_resolver.go:136.2,136.25 1 4
github.com/bradtumy/credential-service/internal/domain/did_resolver.go:136.25,138.3 1 0
github.com/bradtumy/credential-service/internal/domain/did_resolver.go:140.2,143.8 1 4
github.com/bradtumy/credential-service/internal/domain/did_resolver.go:147.105,149.15 1 6
github.com/bradtumy/credential-service/internal/domain/did_resolver.go:149.15,151.3 1 1
github.com/bradtumy/credential-service/internal/domain/did_resolver.go:153.2,153.38 1 5
github.com/bradtumy/credential-service/internal/domain/did_resolver.go:153.38,155.3 1 2
github.com/bradtumy/credential-service/internal/domain/did_resolver.go:158.2,158.9 1 3
github.com/bradtumy/credential-service/internal/domain/did_resolver.go:159.20,160.24 1 1
github.com/bradtumy/credential-service/internal/domain/did_resolver.go:161.10,161.10 0 2
github.com/bradtumy/credential-service/internal/domain/did_resolver.go:164.2,165.16 2 2
github.com/bradtumy/credential-service/internal/domain/did_resolver.go:165.16,167.3 1 0
github.com/bradtumy/credential-service/internal/domain/did_resolver.go:169.2,170.13 2 2
github.com/bradtumy/credential-service/internal/domain/did_resolver.go:170.13,172.3 1 1
github.com/bradtumy/credential-service/internal/domain/did_resolver.go:174.2,174.44 1 1
github.com/bradtumy/credential-service/internal/domain/did_resolver.go:178.57,180.34 2 1
github.com/bradtumy/credential-service/internal/domain/did_resolver.go:180.34,182.3 1 1
github.com/bradtumy/credential-service/internal/domain/did_resolver.go:183.2,183.16 1 1
github.com/bradtumy/credential-service/internal/domain/did_resolver.go:193.36,195.2 1 7
github.com/bradtumy/credential-service/internal/domain/did_resolver.go:198.67,200.2 1 8
github.com/bradtumy/credential-service/internal/domain/did_resolver.go:204.99,206.9 1 11
github.com/bradtumy/credential-service/internal/domain/did_resolver.go:207.20,208.24 1 0
github.com/bradtumy/credential-service/internal/domain/did_resolver.go:209.10,209.10 0 11
github.com/bradtumy/credential-service/internal/domain/did_resolver.go:213.2,213.47 1 11
github.com/bradtumy/credential-service/internal/domain/did_resolver.go:213.47,215.3 1 3
github.com/bradtumy/credential-service/internal/domain/did_resolver.go:218.2,219.22 2 8
github.com/bradtumy/credential-service/internal/domain/did_resolver.go:219.22,221.3 1 1
github.com/bradtumy/credential-service/internal/domain/did_resolver.go:224.2,224.47 1 7
github.com/bradtumy/credential-service/internal/domain/did_resolver.go:224.47,226.3 1 1
github.com/bradtumy/credential-service/internal/domain/did_resolver.go:229.2,230.16 2 6
github.com/bradtumy/credential-service/internal/domain/did_resolver.go:230.16,232.3 1 1
github.com/bradtumy/credential-service/internal/domain/did_resolver.go:235.2,235.41 1 5
github.com/bradtumy/credential-service/internal/domain/did_resolver.go:235.41,237.3 1 0
github.com/bradtumy/credential-service/internal/domain/did_resolver.go:240.2,241.55 2 5
github.com/bradtumy/credential-service/internal/domain/did_resolver.go:241.55,243.3 1 3
github.com/bradtumy/credential-service/internal/domain/did_resolver.go:246.2,246.26 1 2
github.com/bradtumy/credential-service/internal/domain/did_resolver.go:250.51,252.2 1 5
github.com/bradtumy/credential-service/internal/domain/did_resolver.go:262.60,264.19 1 6
github.com/bradtumy/credential-service/internal/domain/did_resolver.go:264.19,266.3 1 0
github.com/bradtumy/credential-service/internal/domain/did_resolver.go:267.2,267.17 1 6
github.com/bradtumy/credential-service/internal/domain/did_resolver.go:267.17,269.3 1 0
github.com/bradtumy/credential-service/internal/domain/did_resolver.go:271.2,271.17 1 6
github.com/bradtumy/credential-service/internal/domain/did_resolver.go:272.18,273.27 1 6
github.com/bradtumy/credential-service/internal/domain/did_resolver.go:274.10,275.90 1 0
github.com/bradtumy/credential-service/internal/domain/did_resolver.go:280.60,281.19 1 6
github.com/bradtumy/credential-service/internal/domain/did_resolver.go:281.19,283.3 1 0
github.com/bradtumy/credential-service/internal/domain/did_resolver.go:285.2,285.17 1 6
github.com/bradtumy/credential-service/internal/domain/did_resolver.go:286.23,287.31 1 6
github.com/bradtumy/credential-service/internal/domain/did_resolver.go:288.10,289.91 1 0
github.com/bradtumy/credential-service/internal/domain/did_resolver.go:294.64,296.16 2 6
github.com/bradtumy/credential-service/internal/domain/did_resolver.go:296.16,298.3 1 2
github.com/bradtumy/credential-service/internal/domain/did_resolver.go:300.2,300.44 1 4
github.com/bradtumy/credential-service/internal/domain/did_resolver.go:300.44,302.3 1 0
github.com/bradtumy/credential-service/internal/domain/did_resolver.go:305.2,306.42 2 4
github.com/bradtumy/credential-service/internal/domain/did_resolver.go:306.42,308.3 1 0
github.com/bradtumy/credential-service/internal/domain/did_resolver.go:310.2,310.20 1 4
github.com/bradtumy/credential-service/internal/domain/did_resolver.go:314.51,315.15 1 10
github.com/bradtumy/credential-service/internal/domain/did_resolver.go:315.15,317.3 1 1
github.com/bradtumy/credential-service/internal/domain/did_resolver.go:319.2,320.20 2 9
github.com/bradtumy/credential-service/internal/domain/did_resolver.go:320.20,322.3 1 3
github.com/bradtumy/credential-service/internal/domain/did_resolver.go:324.2,324.23 1 6
github.com/bradtumy/credential-service/internal/domain/did_resolver.go:324.23,326.3 1 0
github.com/bradtumy/credential-service/internal/domain/did_resolver.go:328.2,328.20 1 6
github.com/bradtumy/credential-service/internal/domain/did_resolver.go:328.20,330.3 1 1
github.com/bradtumy/credential-service/internal/domain/did_resolver.go:332.2,332.34 1 5
github.com/bradtumy/credential-service/internal/domain/did_resolver.go:336.45,338.21 2 3
github.com/bradtumy/credential-service/internal/domain/did_resolver.go:338.21,340.3 1 1
github.com/bradtumy/credential-service/internal/domain/did_resolver.go:341.2,341.18 1 2
github.com/bradtumy/credential-service/internal/domain/did_resolver.go:353.36,356.2 2 6
github.com/bradtumy/credential-service/internal/domain/did_resolver.go:359.67,367.2 1 28
github.com/bradtumy/credential-service/internal/domain/did_resolver.go:370.99,372.15 1 10
github.com/bradtumy/credential-service/internal/domain/did_resolver.go:372.15,374.3 1 1
github.com/bradtumy/credential-service/internal/domain/did_resolver.go:376.2,376.41 1 9
github.com/bradtumy/credential-service/internal/domain/did_resolver.go:376.41,378.3 1 1
github.com/bradtumy/credential-service/internal/domain/did_resolver.go:381.2,382.16 2 8
github.com/bradtumy/credential-service/internal/domain/did_resolver.go:382.16,384.3 1 0
github.com/bradtumy/credential-service/internal/domain/did_resolver.go:387.2,387.53 1 8
github.com/bradtumy/credential-service/internal/domain/did_resolver.go:387.53,389.3 1 0
github.com/bradtumy/credential-service/internal/domain/did_resolver.go:392.2,393.16 2 8
github.com/bradtumy/credential-service/internal/domain/did_resolver.go:393.16,395.3 1 5
github.com/bradtumy/credential-service/internal/domain/did_resolver.go:398.2,399.16 2 3
github.com/bradtumy/credential-service/internal/domain/did_resolver.go:399.16,401.3 1 2
github.com/bradtumy/credential-service/internal/domain/did_resolver.go:403.2,403.20 1 1
github.com/bradtumy/credential-service/internal/domain/did_resolver.go:407.51,409.2 1 1
github.com/bradtumy/credential-service/internal/domain/did_resolver.go:412.62,415.22 2 15
github.com/bradtumy/credential-service/internal/domain/did_resolver.go:415.22,417.3 1 1
github.com/bradtumy/credential-service/internal/domain/did_resolver.go:420.2,421.16 2 14
github.com/bradtumy/credential-service/internal/domain/did_resolver.go:421.16,423.3 1 0
github.com/bradtumy/credential-service/internal/domain/did_resolver.go:427.2,427.38 1 14
github.com/bradtumy/credential-service/internal/domain/did_resolver.go:427.38,429.3 1 0
github.com/bradtumy/credential-service/internal/domain/did_resolver.go:432.2,433.21 2 14
github.com/bradtumy/credential-service/internal/domain/did_resolver.go:433.21,435.3 1 0
github.com/bradtumy/credential-service/internal/domain/did_resolver.go:437.2,438.18 2 14
github.com/bradtumy/credential-service/internal/domain/did_resolver.go:438.18,440.3 1 1
github.com/bradtumy/credential-service/internal/domain/did_resolver.go:443.2,445.143 2 13
github.com/bradtumy/credential-service/internal/domain/did_resolver.go:445.143,447.3 1 9
github.com/bradtumy/credential-service/internal/domain/did_resolver.go:449.2,450.21 2 13
github.com/bradtumy/credential-service/internal/domain/did_resolver.go:450.21,453.3 1 2
github.com/bradtumy/credential-service/internal/domain/did_resolver.go:453.8,455.22 1 11
github.com/bradtumy/credential-service/internal/domain/did_resolver.go:455.22,460.33 3 11
github.com/bradtumy/credential-service/internal/domain/did_resolver.go:460.33,461.27 1 49
github.com/bradtumy/credential-service/internal/domain/did_resolver.go:461.27,463.11 2 1
github.com/bradtumy/credential-service/internal/domain/did_resolver.go:467.4,467.33 1 11
github.com/bradtumy/credential-service/internal/domain/did_resolver.go:467.33,470.5 1 10
github.com/bradtumy/credential-service/internal/domain/did_resolver.go:470.10,472.33 1 1
github.com/bradtumy/credential-service/internal/domain/did_resolver.go:472.33,477.6 3 0
github.com/bradtumy/credential-service/internal/domain/did_resolver.go:477.11,481.6 2 1
github.com/bradtumy/credential-service/internal/domain/did_resolver.go:487.2,488.16 2 13
github.com/bradtumy/credential-service/internal/domain/did_resolver.go:488.16,490.3 1 0
github.com/bradtumy/credential-service/internal/domain/did_resolver.go:493.2,493.26 1 13
github.com/bradtumy/credential-service/internal/domain/did_resolver.go:493.26,495.3 1 0
github.com/bradtumy/credential-service/internal/domain/did_resolver.go:497.2,497.23 1 13
github.com/bradtumy/credential-service/internal/domain/did_resolver.go:501.108,503.16 2 13
github.com/bradtumy/credential-service/internal/domain/did_resolver.go:503.16,505.3 1 0
github.com/bradtumy/credential-service/internal/domain/did_resolver.go:508.2,512.16 4 13
github.com/bradtumy/credential-service/internal/domain/did_resolver.go:512.16,514.3 1 1
github.com/bradtumy/credential-service/internal/domain/did_resolver.go:515.2,518.38 2 12
github.com/bradtumy/credential-service/internal/domain/did_resolver.go:518.38,520.3 1 2
github.com/bradtumy/credential-service/internal/domain/did_resolver.go:523.2,525.58 2 10
github.com/bradtumy/credential-service/internal/domain/did_resolver.go:525.58,527.3 1 1
github.com/bradtumy/credential-service/internal/domain/did_resolver.go:530.2,534.16 4 9
github.com/bradtumy/credential-service/internal/domain/did_resolver.go:534.16,535.62 1 2
github.com/bradtumy/credential-service/internal/domain/did_resolver.go:535.62,537.4 1 2
github.com/bradtumy/credential-service/internal/domain/did_resolver.go:538.3,538.61 1 0
github.com/bradtumy/credential-service/internal/domain/did_resolver.go:542.2,543.51 2 7
github.com/bradtumy/credential-service/internal/domain/did_resolver.go:543.51,545.3 1 1
github.com/bradtumy/credential-service/internal/domain/did_resolver.go:548.2,548.22 1 6
github.com/bradtumy/credential-service/internal/domain/did_resolver.go:548.22,550.3 1 1
github.com/bradtumy/credential-service/internal/domain/did_resolver.go:552.2,552.17 1 5
github.com/bradtumy/credential-service/internal/domain/did_resolver.go:556.106,559.9 2 8
github.com/bradtumy/credential-service/internal/domain/did_resolver.go:559.9,561.3 1 2
github.com/bradtumy/credential-service/internal/domain/did_resolver.go:563.2,564.30 2 6
github.com/bradtumy/credential-service/internal/domain/did_resolver.go:564.30,566.3 1 1
github.com/bradtumy/credential-service/internal/domain/did_resolver.go:569.2,569.33 1 5
github.com/bradtumy/credential-service/internal/domain/did_resolver.go:569.33,571.10 2 5
github.com/bradtumy/credential-service/internal/domain/did_resolver.go:571.10,572.12 1 0
github.com/bradtumy/credential-service/internal/domain/did_resolver.go:576.3,576.59 1 5
github.com/bradtumy/credential-service/internal/domain/did_resolver.go:576.59,578.11 2 4
github.com/bradtumy/credential-service/internal/domain/did_resolver.go:578.11,579.13 1 0
github.com/bradtumy/credential-service/internal/domain/did_resolver.go:583.4,584.18 2 4
github.com/bradtumy/credential-service/internal/domain/did_resolver.go:584.18,585.13 1 0
github.com/bradtumy/credential-service/internal/domain/did_resolver.go:588.4,589.57 2 4
github.com/bradtumy/credential-service/internal/domain/did_resolver.go:589.57,590.13 1 0
github.com/bradtumy/credential-service/internal/domain/did_resolver.go:594.4,595.18 2 4
github.com/bradtumy/credential-service/internal/domain/did_resolver.go:595.18,597.5 1 2
github.com/bradtumy/credential-service/internal/domain/did_resolver.go:603.2,603.80 1 3
github.com/bradtumy/credential-service/internal/domain/obo.go:12.106,14.18 2 1
github.com/bradtumy/credential-service/internal/domain/obo.go:14.18,17.3 2 1
github.com/bradtumy/credential-service/internal/domain/obo.go:18.2,18.19 1 1
github.com/bradtumy/credential-service/internal/domain/obo.go:18.19,21.63 3 1
github.com/bradtumy/credential-service/internal/domain/obo.go:21.63,23.4 1 1
github.com/bradtumy/credential-service/internal/domain/obo.go:24.3,25.26 2 1
github.com/bradtumy/credential-service/internal/domain/obo.go:25.26,27.4 1 0
github.com/bradtumy/credential-service/internal/domain/obo.go:29.2,29.12 1 1
github.com/bradtumy/credential-service/internal/domain/revocation.go:10.39,14.2 3 0
github.com/bradtumy/credential-service/internal/domain/revocation.go:16.34,20.2 3 0
github.com/bradtumy/credential-service/internal/domain/revocation.go:22.42,27.2 4 0
github.com/bradtumy/credential-service/internal/domain/trust_registry.go:22.52,24.2 1 1
github.com/bradtumy/credential-service/internal/domain/trust_registry.go:27.108,32.9 4 3
github.com/bradtumy/credential-service/internal/domain/trust_registry.go:32.9,34.3 1 1
github.com/bradtumy/credential-service/internal/domain/trust_registry.go:36.2,37.21 2 2
github.com/bradtumy/credential-service/internal/domain/trust_registry.go:41.101,45.32 3 1
github.com/bradtumy/credential-service/internal/domain/trust_registry.go:45.32,47.3 1 1
github.com/bradtumy/credential-service/internal/domain/trust_registry.go:49.2,50.12 2 1
github.com/bradtumy/credential-service/internal/domain/trust_registry.go:54.104,59.20 4 1
github.com/bradtumy/credential-service/internal/domain/trust_registry.go:59.20,61.3 1 1
github.com/bradtumy/credential-service/internal/domain/trust_registry.go:63.2,64.12 2 0
github.com/bradtumy/credential-service/internal/domain/vc.go:107.58,110.16 3 0
github.com/bradtumy/credential-service/internal/domain/vc.go:110.16,112.3 1 0
github.com/bradtumy/credential-service/internal/domain/vc.go:114.2,114.58 1 0
github.com/bradtumy/credential-service/internal/domain/vc.go:114.58,116.3 1 0
github.com/bradtumy/credential-service/internal/domain/vc.go:118.2,118.24 1 0
github.com/bradtumy/credential-service/internal/domain/vc.go:122.140,123.44 1 5
github.com/bradtumy/credential-service/internal/domain/vc.go:123.44,125.3 1 1
github.com/bradtumy/credential-service/internal/domain/vc.go:126.2,126.14 1 4
github.com/bradtumy/credential-service/internal/domain/vc.go:126.14,128.3 1 1
github.com/bradtumy/credential-service/internal/domain/vc.go:129.2,129.59 1 3
github.com/bradtumy/credential-service/internal/domain/vc.go:129.59,131.3 1 1
github.com/bradtumy/credential-service/internal/domain/vc.go:134.2,134.66 1 2
github.com/bradtumy/credential-service/internal/domain/vc.go:134.66,136.3 1 1
github.com/bradtumy/credential-service/internal/domain/vc.go:137.2,137.26 1 1
github.com/bradtumy/credential-service/internal/domain/vc.go:137.26,138.69 1 1
github.com/bradtumy/credential-service/internal/domain/vc.go:138.69,140.4 1 0
github.com/bradtumy/credential-service/internal/domain/vc.go:143.2,151.8 1 1
github.com/bradtumy/credential-service/internal/domain/vc.go:155.82,164.2 2 0
github.com/bradtumy/credential-service/internal/domain/vc.go:167.73,169.16 2 0
github.com/bradtumy/credential-service/internal/domain/vc.go:169.16,171.3 1 0
github.com/bradtumy/credential-service/internal/domain/vc.go:172.2,172.29 1 0
github.com/bradtumy/credential-service/internal/domain/vc.go:176.103,177.19 1 0
github.com/bradtumy/credential-service/internal/domain/vc.go:177.19,179.3 1 0
github.com/bradtumy/credential-service/internal/domain/vc.go:180.2,180.30 1 0
github.com/bradtumy/credential-service/internal/domain/vc.go:180.30,182.3 1 0
github.com/bradtumy/credential-service/internal/domain/vc.go:185.2,186.16 2 0
github.com/bradtumy/credential-service/internal/domain/vc.go:186.16,188.3 1 0
github.com/bradtumy/credential-service/internal/domain/vc.go:190.2,190.23 1 0
github.com/bradtumy/credential-service/internal/domain/vc.go:194.145,195.47 1 17
github.com/bradtumy/credential-service/internal/domain/vc.go:195.47,197.3 1 1
github.com/bradtumy/credential-service/internal/domain/vc.go:198.2,198.48 1 16
github.com/bradtumy/credential-service/internal/domain/vc.go:198.48,200.3 1 0
github.com/bradtumy/credential-service/internal/domain/vc.go:201.2,201.19 1 16
github.com/bradtumy/credential-service/internal/domain/vc.go:201.19,203.3 1 0
github.com/bradtumy/credential-service/internal/domain/vc.go:204.2,204.14 1 16
github.com/bradtumy/credential-service/internal/domain/vc.go:204.14,206.3 1 0
github.com/bradtumy/credential-service/internal/domain/vc.go:208.2,246.16 8 16
github.com/bradtumy/credential-service/internal/domain/vc.go:246.16,248.3 1 0
github.com/bradtumy/credential-service/internal/domain/vc.go:250.2,251.16 2 16
github.com/bradtumy/credential-service/internal/domain/vc.go:251.16,253.3 1 0
github.com/bradtumy/credential-service/internal/domain/vc.go:255.2,257.16 3 16
github.com/bradtumy/credential-service/internal/domain/vc.go:257.16,259.3 1 0
github.com/bradtumy/credential-service/internal/domain/vc.go:261.2,263.51 2 16
github.com/bradtumy/credential-service/internal/domain/vc.go:273.145,274.19 1 0
github.com/bradtumy/credential-service/internal/domain/vc.go:274.19,276.3 1 0
github.com/bradtumy/credential-service/internal/domain/vc.go:279.2,281.33 3 0
github.com/bradtumy/credential-service/internal/domain/vc.go:281.33,283.17 2 0
github.com/bradtumy/credential-service/internal/domain/vc.go:283.17,285.4 1 0
github.com/bradtumy/credential-service/internal/domain/vc.go:286.3,287.36 2 0
github.com/bradtumy/credential-service/internal/domain/vc.go:290.2,296.16 3 0
github.com/bradtumy/credential-service/internal/domain/vc.go:296.16,298.3 1 0
github.com/bradtumy/credential-service/internal/domain/vc.go:300.2,300.60 1 0
github.com/bradtumy/credential-service/internal/domain/vc.go:304.170,305.19 1 0
github.com/bradtumy/credential-service/internal/domain/vc.go:305.19,307.3 1 0
github.com/bradtumy/credential-service/internal/domain/vc.go:309.2,310.16 2 0
github.com/bradtumy/credential-service/internal/domain/vc.go:310.16,312.3 1 0
github.com/bradtumy/credential-service/internal/domain/vc.go:315.2,316.21 2 0
github.com/bradtumy/credential-service/internal/domain/vc.go:316.21,318.3 1 0
github.com/bradtumy/credential-service/internal/domain/vc.go:320.2,321.16 2 0
github.com/bradtumy/credential-service/internal/domain/vc.go:321.16,323.3 1 0
github.com/bradtumy/credential-service/internal/domain/vc.go:326.2,327.68 2 0
github.com/bradtumy/credential-service/internal/domain/vc.go:327.68,329.3 1 0
github.com/bradtumy/credential-service/internal/domain/vc.go:332.2,336.16 3 0
github.com/bradtumy/credential-service/internal/domain/vc.go:336.16,338.3 1 0
github.com/bradtumy/credential-service/internal/domain/vc.go:340.2,342.16 3 0
github.com/bradtumy/credential-service/internal/domain/vc.go:342.16,344.3 1 0
github.com/bradtumy/credential-service/internal/domain/vc.go:346.2,348.38 3 0
github.com/bradtumy/credential-service/internal/domain/vc.go:351.77,353.48 2 0
github.com/bradtumy/credential-service/internal/domain/vc.go:353.48,355.3 1 0
github.com/bradtumy/credential-service/internal/domain/vc.go:356.2,360.16 4 0
github.com/bradtumy/credential-service/internal/domain/vc.go:360.16,362.3 1 0
github.com/bradtumy/credential-service/internal/domain/vc.go:364.2,367.32 3 0
github.com/bradtumy/credential-service/internal/domain/vc.go:370.56,373.2 2 0
github.com/bradtumy/credential-service/internal/domain/vc.go:375.54,377.16 2 34
github.com/bradtumy/credential-service/internal/domain/vc.go:377.16,379.3 1 0
github.com/bradtumy/credential-service/internal/domain/vc.go:380.2,380.61 1 34
github.com/bradtumy/credential-service/internal/domain/vc.go:384.52,386.2 1 0
github.com/bradtumy/credential-service/internal/domain/vc.go:391.51,393.2 1 0
github.com/bradtumy/credential-service/internal/domain/vc.go:402.41,403.19 1 3
github.com/bradtumy/credential-service/internal/domain/vc.go:403.19,405.3 1 1
github.com/bradtumy/credential-service/internal/domain/vc.go:406.2,406.18 1 2
github.com/bradtumy/credential-service/internal/domain/vc.go:409.57,411.2 1 6
github.com/bradtumy/credential-service/internal/domain/vc.go:413.69,415.2 1 4
github.com/bradtumy/credential-service/internal/domain/vc.go:418.36,419.15 1 44
github.com/bradtumy/credential-service/internal/domain/vc.go:419.15,421.3 1 1
github.com/bradtumy/credential-service/internal/domain/vc.go:422.2,422.21 1 43
github.com/bradtumy/credential-service/internal/domain/vc.go:422.21,424.3 1 1
github.com/bradtumy/credential-service/internal/domain/vc.go:425.2,425.37 1 42
github.com/bradtumy/credential-service/internal/domain/vc.go:425.37,427.3 1 3
github.com/bradtumy/credential-service/internal/domain/vc.go:430.2,431.20 2 39
github.com/bradtumy/credential-service/internal/domain/vc.go:431.20,433.3 1 1
github.com/bradtumy/credential-service/internal/domain/vc.go:435.2,436.18 2 38
github.com/bradtumy/credential-service/internal/domain/vc.go:436.18,438.3 1 0
github.com/bradtumy/credential-service/internal/domain/vc.go:440.2,441.28 2 38
github.com/bradtumy/credential-service/internal/domain/vc.go:441.28,443.3 1 0
github.com/bradtumy/credential-service/internal/domain/vc.go:445.2,445.12 1 38
github.com/bradtumy/credential-service/internal/domain/vc.go:449.70,450.20 1 3
github.com/bradtumy/credential-service/internal/domain/vc.go:450.20,452.3 1 0
github.com/bradtumy/credential-service/internal/domain/vc.go:453.2,453.23 1 3
github.com/bradtumy/credential-service/internal/domain/vc.go:453.23,455.3 1 1
github.com/bradtumy/credential-service/internal/domain/vc.go:456.2,456.12 1 2
github.com/bradtumy/credential-service/internal/domain/vc.go:460.61,461.51 1 0
github.com/bradtumy/credential-service/internal/domain/vc.go:461.51,463.3 1 0
github.com/bradtumy/credential-service/internal/domain/vc.go:464.2,464.28 1 0
github.com/bradtumy/credential-service/internal/domain/vc.go:464.28,466.3 1 0
github.com/bradtumy/credential-service/internal/domain/vc.go:467.2,467.39 1 0
github.com/bradtumy/credential-service/internal/domain/vc.go:467.39,468.60 1 0
github.com/bradtumy/credential-service/internal/domain/vc.go:468.60,470.4 1 0
github.com/bradtumy/credential-service/internal/domain/vc.go:472.2,472.12 1 0
github.com/bradtumy/credential-service/internal/domain/vc_verify.go:55.145,56.40 1 9
github.com/bradtumy/credential-service/internal/domain/vc_verify.go:56.40,58.3 1 0
github.com/bradtumy/credential-service/internal/domain/vc_verify.go:59.2,59.22 1 9
github.com/bradtumy/credential-service/internal/domain/vc_verify.go:59.22,61.3 1 0
github.com/bradtumy/credential-service/internal/domain/vc_verify.go:63.2,64.19 2 9
github.com/bradtumy/credential-service/internal/domain/vc_verify.go:64.19,66.3 1 0
github.com/bradtumy/credential-service/internal/domain/vc_verify.go:68.2,69.33 2 9
github.com/bradtumy/credential-service/internal/domain/vc_verify.go:69.33,72.27 3 14
github.com/bradtumy/credential-service/internal/domain/vc_verify.go:72.27,74.4 1 9
github.com/bradtumy/credential-service/internal/domain/vc_verify.go:76.3,77.17 2 14
github.com/bradtumy/credential-service/internal/domain/vc_verify.go:77.17,79.4 1 3
github.com/bradtumy/credential-service/internal/domain/vc_verify.go:81.3,83.15 2 11
github.com/bradtumy/credential-service/internal/domain/vc_verify.go:83.15,84.12 1 6
github.com/bradtumy/credential-service/internal/domain/vc_verify.go:87.3,90.37 3 5
github.com/bradtumy/credential-service/internal/domain/vc_verify.go:90.37,92.4 1 1
github.com/bradtumy/credential-service/internal/domain/vc_verify.go:94.3,94.84 1 4
github.com/bradtumy/credential-service/internal/domain/vc_verify.go:94.84,96.4 1 1
github.com/bradtumy/credential-service/internal/domain/vc_verify.go:98.3,98.60 1 3
github.com/bradtumy/credential-service/internal/domain/vc_verify.go:98.60,100.4 1 1
github.com/bradtumy/credential-service/internal/domain/vc_verify.go:103.2,110.55 2 3
github.com/bradtumy/credential-service/internal/domain/vc_verify.go:110.55,112.3 1 0
github.com/bradtumy/credential-service/internal/domain/vc_verify.go:114.2,114.20 1 3
github.com/bradtumy/credential-service/internal/domain/vc_verify.go:118.133,120.16 2 4
github.com/bradtumy/credential-service/internal/domain/vc_verify.go:120.16,122.3 1 3
github.com/bradtumy/credential-service/internal/domain/vc_verify.go:123.2,123.65 1 1
github.com/bradtumy/credential-service/internal/domain/vc_verify.go:126.162,128.21 2 14
github.com/bradtumy/credential-service/internal/domain/vc_verify.go:128.21,130.3 1 0
github.com/bradtumy/credential-service/internal/domain/vc_verify.go:132.2,133.16 2 14
github.com/bradtumy/credential-service/internal/domain/vc_verify.go:133.16,135.3 1 0
github.com/bradtumy/credential-service/internal/domain/vc_verify.go:138.2,139.102 2 14
github.com/bradtumy/credential-service/internal/domain/vc_verify.go:139.102,150.25 8 14
github.com/bradtumy/credential-service/internal/domain/vc_verify.go:150.25,152.4 1 14
github.com/bradtumy/credential-service/internal/domain/vc_verify.go:153.3,153.25 1 14
github.com/bradtumy/credential-service/internal/domain/vc_verify.go:153.25,155.4 1 14
github.com/bradtumy/credential-service/internal/domain/vc_verify.go:156.3,158.70 2 14
github.com/bradtumy/credential-service/internal/domain/vc_verify.go:158.70,160.4 1 0
github.com/bradtumy/credential-service/internal/domain/vc_verify.go:163.3,164.17 2 14
github.com/bradtumy/credential-service/internal/domain/vc_verify.go:164.17,166.4 1 1
github.com/bradtumy/credential-service/internal/domain/vc_verify.go:168.3,169.10 2 13
github.com/bradtumy/credential-service/internal/domain/vc_verify.go:169.10,171.4 1 0
github.com/bradtumy/credential-service/internal/domain/vc_verify.go:173.3,175.17 3 13
github.com/bradtumy/credential-service/internal/domain/vc_verify.go:175.17,177.4 1 0
github.com/bradtumy/credential-service/internal/domain/vc_verify.go:179.3,179.67 1 13
github.com/bradtumy/credential-service/internal/domain/vc_verify.go:179.67,181.4 1 1
github.com/bradtumy/credential-service/internal/domain/vc_verify.go:184.3,184.57 1 12
github.com/bradtumy/credential-service/internal/domain/vc_verify.go:184.57,186.4 1 1
github.com/bradtumy/credential-service/internal/domain/vc_verify.go:189.3,189.75 1 11
github.com/bradtumy/credential-service/internal/domain/vc_verify.go:189.75,191.4 1 0
github.com/bradtumy/credential-service/internal/domain/vc_verify.go:193.3,193.36 1 11
github.com/bradtumy/credential-service/internal/domain/vc_verify.go:193.36,194.69 1 0
github.com/bradtumy/credential-service/internal/domain/vc_verify.go:194.69,196.5 1 0
github.com/bradtumy/credential-service/internal/domain/vc_verify.go:199.3,199.29 1 11
github.com/bradtumy/credential-service/internal/domain/vc_verify.go:199.29,200.75 1 3
github.com/bradtumy/credential-service/internal/domain/vc_verify.go:200.75,202.5 1 0
github.com/bradtumy/credential-service/internal/domain/vc_verify.go:205.3,205.25 1 11
github.com/bradtumy/credential-service/internal/domain/vc_verify.go:209.2,210.66 2 0
github.com/bradtumy/credential-service/internal/domain/vc_verify.go:210.66,212.3 1 0
github.com/bradtumy/credential-service/internal/domain/vc_verify.go:215.2,216.45 2 0
github.com/bradtumy/credential-service/internal/domain/vc_verify.go:216.45,219.3 2 0
github.com/bradtumy/credential-service/internal/domain/vc_verify.go:220.2,220.54 1 0
github.com/bradtumy/credential-service/internal/domain/vc_verify.go:220.54,222.3 1 0
github.com/bradtumy/credential-service/internal/domain/vc_verify.go:223.2,223.57 1 0
github.com/bradtumy/credential-service/internal/domain/vc_verify.go:223.57,225.3 1 0
github.com/bradtumy/credential-service/internal/domain/vc_verify.go:226.2,226.56 1 0
github.com/bradtumy/credential-service/internal/domain/vc_verify.go:226.56,228.3 1 0
github.com/bradtumy/credential-service/internal/domain/vc_verify.go:230.2,231.16 2 0
github.com/bradtumy/credential-service/internal/domain/vc_verify.go:231.16,233.3 1 0
github.com/bradtumy/credential-service/internal/domain/vc_verify.go:235.2,236.9 2 0
github.com/bradtumy/credential-service/internal/domain/vc_verify.go:236.9,238.3 1 0
github.com/bradtumy/credential-service/internal/domain/vc_verify.go:240.2,242.16 3 0
github.com/bradtumy/credential-service/internal/domain/vc_verify.go:242.16,244.3 1 0
github.com/bradtumy/credential-service/internal/domain/vc_verify.go:246.2,246.66 1 0
github.com/bradtumy/credential-service/internal/domain/vc_verify.go:246.66,248.3 1 0
github.com/bradtumy/credential-service/internal/domain/vc_verify.go:250.2,250.73 1 0
github.com/bradtumy/credential-service/internal/domain/vc_verify.go:250.73,252.3 1 0
github.com/bradtumy/credential-service/internal/domain/vc_verify.go:255.2,255.88 1 0
github.com/bradtumy/credential-service/internal/domain/vc_verify.go:255.88,257.3 1 0
github.com/bradtumy/credential-service/internal/domain/vc_verify.go:259.2,259.35 1 0
github.com/bradtumy/credential-service/internal/domain/vc_verify.go:259.35,260.68 1 0
github.com/bradtumy/credential-service/internal/domain/vc_verify.go:260.68,262.4 1 0
github.com/bradtumy/credential-service/internal/domain/vc_verify.go:265.2,265.28 1 0
github.com/bradtumy/credential-service/internal/domain/vc_verify.go:265.28,267.30 2 0
github.com/bradtumy/credential-service/internal/domain/vc_verify.go:267.30,269.4 1 0
github.com/bradtumy/credential-service/internal/domain/vc_verify.go:272.2,272.24 1 0
github.com/bradtumy/credential-service/internal/domain/vc_verify.go:275.57,277.21 2 14
github.com/bradtumy/credential-service/internal/domain/vc_verify.go:277.21,279.3 1 0
github.com/bradtumy/credential-service/internal/domain/vc_verify.go:280.2,281.21 2 14
github.com/bradtumy/credential-service/internal/domain/vc_verify.go:281.21,283.3 1 14
github.com/bradtumy/credential-service/internal/domain/vc_verify.go:284.2,284.24 1 0
github.com/bradtumy/credential-service/internal/domain/vc_verify.go:287.77,288.28 1 0
github.com/bradtumy/credential-service/internal/domain/vc_verify.go:288.28,290.3 1 0
github.com/bradtumy/credential-service/internal/domain/vc_verify.go:291.2,292.33 2 0
github.com/bradtumy/credential-service/internal/domain/vc_verify.go:292.33,294.3 1 0
github.com/bradtumy/credential-service/internal/domain/vc_verify.go:296.2,297.41 2 0
github.com/bradtumy/credential-service/internal/domain/vc_verify.go:297.41,299.17 2 0
github.com/bradtumy/credential-service/internal/domain/vc_verify.go:299.17,301.4 1 0
github.com/bradtumy/credential-service/internal/domain/vc_verify.go:302.3,303.51 2 0
github.com/bradtumy/credential-service/internal/domain/vc_verify.go:303.51,305.4 1 0
github.com/bradtumy/credential-service/internal/domain/vc_verify.go:306.3,306.20 1 0
github.com/bradtumy/credential-service/internal/domain/vc_verify.go:306.20,308.4 1 0
github.com/bradtumy/credential-service/internal/domain/vc_verify.go:309.3,311.30 3 0
github.com/bradtumy/credential-service/internal/domain/vc_verify.go:311.30,313.4 1 0
github.com/bradtumy/credential-service/internal/domain/vc_verify.go:314.3,315.17 2 0
github.com/bradtumy/credential-service/internal/domain/vc_verify.go:315.17,317.4 1 0
github.com/bradtumy/credential-service/internal/domain/vc_verify.go:319.3,320.38 2 0
github.com/bradtumy/credential-service/internal/domain/vc_verify.go:320.38,322.4 1 0
github.com/bradtumy/credential-service/internal/domain/vc_verify.go:323.3,323.31 1 0
github.com/bradtumy/credential-service/internal/domain/vc_verify.go:326.2,326.32 1 0
github.com/bradtumy/credential-service/internal/domain/vc_verify.go:326.32,328.42 2 0
github.com/bradtumy/credential-service/internal/domain/vc_verify.go:328.42,330.18 2 0
github.com/bradtumy/credential-service/internal/domain/vc_verify.go:330.18,332.5 1 0
github.com/bradtumy/credential-service/internal/domain/vc_verify.go:333.4,333.46 1 0
github.com/bradtumy/credential-service/internal/domain/vc_verify.go:333.46,335.10 2 0
github.com/bradtumy/credential-service/internal/domain/vc_verify.go:338.3,338.13 1 0
github.com/bradtumy/credential-service/internal/domain/vc_verify.go:338.13,340.4 1 0
github.com/bradtumy/credential-service/internal/domain/vc_verify.go:343.2,343.22 1 0
github.com/bradtumy/credential-service/internal/domain/vc_verify.go:343.22,345.3 1 0
github.com/bradtumy/credential-service/internal/domain/vc_verify.go:346.2,346.35 1 0
github.com/bradtumy/credential-service/internal/domain/vc_verify.go:346.35,348.3 1 0
github.com/bradtumy/credential-service/internal/domain/vc_verify.go:349.2,350.12 2 0
github.com/bradtumy/credential-service/internal/domain/vc_verify.go:353.62,354.19 1 10
github.com/bradtumy/credential-service/internal/domain/vc_verify.go:354.19,356.3 1 0
github.com/bradtumy/credential-service/internal/domain/vc_verify.go:357.2,358.9 2 10
github.com/bradtumy/credential-service/internal/domain/vc_verify.go:358.9,360.3 1 0
github.com/bradtumy/credential-service/internal/domain/vc_verify.go:362.2,362.30 1 10
github.com/bradtumy/credential-service/internal/domain/vc_verify.go:363.16,364.34 1 2
github.com/bradtumy/credential-service/internal/domain/vc_verify.go:365.21,367.26 2 8
github.com/bradtumy/credential-service/internal/domain/vc_verify.go:367.26,368.34 1 10
github.com/bradtumy/credential-service/internal/domain/vc_verify.go:368.34,370.5 1 10
github.com/bradtumy/credential-service/internal/domain/vc_verify.go:372.3,372.13 1 8
github.com/bradtumy/credential-service/internal/domain/vc_verify.go:373.14,374.21 1 0
github.com/bradtumy/credential-service/internal/domain/vc_verify.go:375.10,376.13 1 0
github.com/bradtumy/credential-service/internal/ratelimit/ratelimit.go:12.52,12.72 1 0
github.com/bradtumy/credential-service/internal/ratelimit/redis_limiter.go:22.54,24.16 2 3
github.com/bradtumy/credential-service/internal/ratelimit/redis_limiter.go:24.16,26.3 1 1
github.com/bradtumy/credential-service/internal/ratelimit/redis_limiter.go:29.2,30.16 2 2
github.com/bradtumy/credential-service/internal/ratelimit/redis_limiter.go:30.16,32.3 1 1
github.com/bradtumy/credential-service/internal/ratelimit/redis_limiter.go:34.2,36.16 3 1
github.com/bradtumy/credential-service/internal/ratelimit/redis_limiter.go:36.16,38.3 1 1
github.com/bradtumy/credential-service/internal/ratelimit/redis_limiter.go:40.2,41.49 2 0
github.com/bradtumy/credential-service/internal/ratelimit/redis_limiter.go:41.49,43.17 2 0
github.com/bradtumy/credential-service/internal/ratelimit/redis_limiter.go:43.17,45.4 1 0
github.com/bradtumy/credential-service/internal/ratelimit/redis_limiter.go:48.2,55.64 2 0
github.com/bradtumy/credential-service/internal/ratelimit/redis_limiter.go:55.64,57.3 1 0
github.com/bradtumy/credential-service/internal/ratelimit/redis_limiter.go:59.2,63.8 1 0
github.com/bradtumy/credential-service/internal/ratelimit/redis_limiter.go:67.56,68.21 1 1
github.com/bradtumy/credential-service/internal/ratelimit/redis_limiter.go:68.21,70.3 1 1
github.com/bradtumy/credential-service/internal/ratelimit/redis_limiter.go:72.2,100.16 5 0
github.com/bradtumy/credential-service/internal/ratelimit/redis_limiter.go:100.16,102.3 1 0
github.com/bradtumy/credential-service/internal/ratelimit/redis_limiter.go:104.2,105.9 2 0
github.com/bradtumy/credential-service/internal/ratelimit/redis_limiter.go:105.9,107.3 1 0
github.com/bradtumy/credential-service/internal/ratelimit/redis_limiter.go:109.2,109.26 1 0
github.com/bradtumy/credential-service/internal/ratelimit/redis_limiter.go:113.38,114.21 1 0
github.com/bradtumy/credential-service/internal/ratelimit/redis_limiter.go:114.21,116.3 1 0
github.com/bradtumy/credential-service/internal/ratelimit/redis_limiter.go:117.2,117.12 1 0
github.com/bradtumy/credential-service/internal/ratelimit/redis_limiter.go:120.55,121.42 1 3
github.com/bradtumy/credential-service/internal/ratelimit/redis_limiter.go:121.42,123.3 1 2
github.com/bradtumy/credential-service/internal/ratelimit/redis_limiter.go:124.2,124.21 1 1
